label,youtube_id,time_start,time_end,split
bench pressing,wJdjTwkbNtA,2,12,train
bench pressing,JLbAce56NI0,173,183,train
bench pressing,MCpaVd9pK-c,3,13,train
bench pressing,NbcRkowabg4,15,25,train
bench pressing,1zD7hu7hlWg,46,56,train
bench pressing,uGGaAV7OVbo,5,15,train
bench pressing,2BuGD6A7Ppo,69,79,train
bench pressing,4k7TUyemDA8,2,12,train
bench pressing,Up7laNAyF4M,0,10,train
bench pressing,QfcEvX2EZLs,35,45,train
bench pressing,OJhAV19dClE,16,26,train
bench pressing,7Unqpu4xHI8,64,74,train
bench pressing,LEvBqBnlPnk,9,19,train
bench pressing,8Aaf-XPjazY,21,31,train
bench pressing,Xelxozo6MUU,12,22,train
bench pressing,OArX2FuD054,97,107,train
bench pressing,RlqGBUd0iqY,23,33,train
bench pressing,X2srLUdVkTY,16,26,train
bench pressing,KqvrDCWmYSc,65,75,train
bench pressing,Th7lIHo5ncY,12,22,train
bench pressing,XBhjKK8AXN4,18,28,train
bench pressing,2Rx45Ss-Z0k,38,48,train
bench pressing,NjYthBXM_Ys,49,59,train
bench pressing,ZNsi9Rs_LSA,3,13,train
bench pressing,rzXaw5mvZ4E,0,10,train
bench pressing,pXp1sl66cYM,399,409,train
bench pressing,ZkTAHgx2iYg,16,26,train
bench pressing,Zy51mgOkZWQ,0,10,train
bench pressing,9nxWZeLTKKA,91,101,train
bench pressing,k1fF5N5Pb2A,9,19,train
bench pressing,6I0v6Pm-0co,34,44,train
bench pressing,4_NlGMb0hNc,6,16,train
bench pressing,yLfszYTc3Sk,16,26,train
bench pressing,QoyIT1L54Ks,4,14,train
bench pressing,aPoh0lIXHYM,16,26,train
bench pressing,DivQRf88-l4,39,49,train
bench pressing,AlvdDpHn5Jw,3,13,train
bench pressing,KL0NLZcttk4,25,35,train
bench pressing,6CG_6Cp7JSk,3,13,train
bench pressing,yAsaDabPEf4,17,27,train
bench pressing,wT78M5unR-E,13,23,train
bench pressing,evrLbCi_3vM,18,28,train
bench pressing,Gt9ZZttmR3w,15,25,train
bench pressing,d8-qK4Spat0,9,19,train
bench pressing,b6iPWk8JxP4,18,28,train
bench pressing,OuOZ5NdhhXw,0,10,train
bench pressing,KudgrrM7ep0,15,25,train
bench pressing,Pn8fUH52sz0,42,52,train
bench pressing,HHfOjvmHh_A,79,89,train
bench pressing,QnJV5KuBb-A,0,10,train
bench pressing,2lI9QfxlI3A,9,19,train
bench pressing,ib7I0mIUl1g,16,26,train
bench pressing,dWrF-6WBlbQ,11,21,train
bench pressing,CtoaLDNmuYk,126,136,train
bench pressing,PfgdRwUwZFU,21,31,train
bench pressing,zsjRCt0b87w,4,14,train
bench pressing,IRTZPEcNQZk,1,11,train
bench pressing,JEJir0UGsJs,2,12,train
bench pressing,R3hjK8ssxiU,10,20,train
bench pressing,HqLocH5yYR0,4,14,train
bench pressing,Pc584-1gHSM,25,35,train
bench pressing,d_H4yEti67g,25,35,train
bench pressing,Em43aa4r1Uw,14,24,train
bench pressing,zU4T3YG6SRo,18,28,train
bench pressing,vs8hwZrWk-M,5,15,train
bench pressing,nTFNkZLUVwA,0,10,train
bench pressing,F8OKAhQeH8k,2,12,train
bench pressing,4RKNVaA17bA,8,18,train
bench pressing,8A60clBH53U,23,33,train
bench pressing,LEeDQW7_Kh4,18,28,train
bench pressing,jAxlicigO5Y,11,21,train
bench pressing,2h1QhY-wWjI,0,10,train
bench pressing,lD5L0zeBRS8,37,47,train
bench pressing,t7IazbJqCHc,12,22,train
bench pressing,buk237mWFOA,3,13,train
bench pressing,QAiXvhwL1NY,2,12,train
bench pressing,5HoJKHUpWxE,113,123,train
bench pressing,wJy2mDcwOus,4,14,train
bench pressing,jrCyun65h58,28,38,train
bench pressing,o6-VvF0Yjo4,6,16,train
bench pressing,0V16kxBu8rY,3,13,train
bench pressing,Jf1ADy53l9I,5,15,train
bench pressing,RoX6SR6RyL8,0,10,train
bench pressing,S6vQ1lXVuSo,7,17,train
bench pressing,EzHWSnCl8GQ,3,13,train
bench pressing,2SEJaJ6dK1Y,1,11,train
bench pressing,jJb5qBLCB7w,37,47,train
bench pressing,ehxWC3nDZC8,3,13,train
bench pressing,nCpS-aXp3Mg,30,40,train
bench pressing,AUrkYbG76IU,0,10,train
bench pressing,6XbZSbr6y10,10,20,train
bench pressing,JpwYnXhyTFM,41,51,train
bench pressing,jK3fPTGJdJk,33,43,train
bench pressing,VUy9JSXO23A,46,56,train
bench pressing,aDMJN5P4frE,41,51,train
bench pressing,ZYKvihr3VSw,53,63,train
bench pressing,sWZbzy3tjj4,0,10,train
bench pressing,M9P9uPGm_9w,0,10,train
bench pressing,GX4j5ZBa3XI,0,10,train
bench pressing,G6ZqPcBMoNQ,27,37,train
bench pressing,SQpSwQukNFE,0,10,train
bench pressing,F1PINH5GfrE,462,472,train
bench pressing,bbSS5ifEDUE,10,20,train
bench pressing,LSZVUPkSswo,8,18,train
bench pressing,xzMtuUxwKSs,5,15,train
bench pressing,8HzJm-Mv7x0,4,14,train
bench pressing,ayf46kiTMe8,0,10,train
bench pressing,anqK2f6p-bs,0,10,train
bench pressing,DRAA-BEAJjM,7,17,train
bench pressing,8PC4dSJ1KLg,0,10,train
bench pressing,0Zz7VCtfJoE,75,85,train
bench pressing,LbzhdjNHEDs,35,45,train
bench pressing,2pWcMEiN-aI,44,54,train
bench pressing,yGR_4ut5Lws,8,18,train
bench pressing,3UDnn4PLdDQ,0,10,train
bench pressing,pdyJzWHxwHw,88,98,train
bench pressing,DeNvXf5GJZI,5,15,train
bench pressing,rMfw15I6wxc,17,27,train
bench pressing,1bFWbJLYvvs,3,13,train
bench pressing,O9ZxgxxsfCA,10,20,train
bench pressing,HytyY6-U2Cs,62,72,train
bench pressing,kwBkuCbKUqA,0,10,train
bench pressing,BinFyLc61L0,11,21,train
bench pressing,DJSzNNe6W3M,0,10,train
bench pressing,XHE2Mn9S9JQ,0,10,train
bench pressing,wEM1bGgdvwo,13,23,train
bench pressing,wMZsL-QlDM0,101,111,train
bench pressing,U94jWeKh6lw,8,18,train
bench pressing,ydEzgNGyxIk,3,13,train
bench pressing,VIe4PpkAm6A,7,17,train
bench pressing,Jc3AVngTuQo,4,14,train
bench pressing,Lrr5h_K-No4,20,30,train
bench pressing,iqRzlNzzBVM,7,17,train
bench pressing,uB7iwRm_LdI,0,10,train
bench pressing,sBxkQQaeihg,5,15,train
bench pressing,UjNF-vOBaic,28,38,train
bench pressing,Qzhs-tXILG8,160,170,train
bench pressing,XxbNBmrpXzM,2,12,train
bench pressing,zsvn5qHdj3I,6,16,train
bench pressing,0QA5xS5Zyz0,2,12,train
bench pressing,sdpSWBBXrUk,27,37,train
bench pressing,g57EvZXAmAw,4,14,train
bench pressing,Ksc1t5IkBZo,1,11,train
bench pressing,NPW8e650s4w,7,17,train
bench pressing,Z5JFycVr600,47,57,train
bench pressing,fCXpnU2_rno,10,20,train
bench pressing,U5od0AJ7jmY,23,33,train
bench pressing,Oqf7lpAMP0s,0,10,train
bench pressing,czTI9bA6vCU,4,14,train
bench pressing,gxWwl_GSe8A,2,12,train
bench pressing,n4Cq7HQ0CN0,1,11,train
bench pressing,F7T7slpvpCg,8,18,train
bench pressing,IzfX3WXHZRc,0,10,train
bench pressing,GBKkhCC_RB0,36,46,train
bench pressing,eYbg_6t52IU,29,39,train
bench pressing,RANIF8umZiI,16,26,train
bench pressing,jy_pQEiOfaQ,5,15,train
bench pressing,PJzFz19Ydxw,15,25,train
bench pressing,T0NBMgnpNBM,39,49,train
bench pressing,MKP9YFUQ4gU,15,25,train
bench pressing,F7M6wgPA8Ps,4,14,train
bench pressing,kAMdxi3-yy4,1,11,train
bench pressing,ZXD9fS9JFP0,15,25,train
bench pressing,tLJupJ_yGxc,19,29,train
bench pressing,3k-2KhH7uiQ,0,10,train
bench pressing,TTRejBudnT0,6,16,train
bench pressing,aD6wk-yyd3w,0,10,train
bench pressing,vXM8n9Kskw0,59,69,train
bench pressing,Bznz6mCYdDk,3,13,train
bench pressing,rnUqMd715ew,2,12,train
bench pressing,1QTHI2zy5Co,3,13,train
bench pressing,-vtKTge4DaQ,15,25,train
bench pressing,3oUcDbz6g7g,2,12,train
bench pressing,tyAoQlyftOw,18,28,train
bench pressing,wKML8auaXbM,0,10,train
bench pressing,yZGPex9xoDA,1,11,train
bench pressing,CQbDLpiU0Oo,6,16,train
bench pressing,hh07FAbHKdw,72,82,train
bench pressing,IAKCbJw_C24,20,30,train
bench pressing,wBX7eQlB8Y4,16,26,train
bench pressing,nR3DnqMQo5o,21,31,train
bench pressing,ujlIhsqKMI0,13,23,train
bench pressing,Qt8o771aNl4,23,33,train
bench pressing,7k-HWpJ1DBg,17,27,train
bench pressing,w_De5KULgmg,1,11,train
bench pressing,LS7awUrzytk,52,62,train
bench pressing,gtfY2jotzkY,89,99,train
bench pressing,gWszV_R2qsk,3,13,train
bench pressing,w7m_LsOMrF4,22,32,train
bench pressing,Y82D9Rk-4WQ,7,17,train
bench pressing,UhSYJl_EC9c,6,16,train
bench pressing,0gAqV7aUnsA,7,17,train
bench pressing,BAqmxTVqXj0,18,28,train
bench pressing,PQv7j45-sdA,23,33,train
bench pressing,csckZDPmSHg,23,33,train
bench pressing,LlhMJGUP2W8,0,10,train
bench pressing,Llhoe4AdcdI,24,34,train
bench pressing,bMLnv6iRelQ,0,10,train
bench pressing,E_eY6ijQQRI,4,14,train
bench pressing,y9OaEUN11oY,474,484,train
bench pressing,4QilZaMYT_s,324,334,train
bench pressing,Ss7rqrjXGJo,11,21,train
bench pressing,p4gywzGWwIw,37,47,train
bench pressing,SnXlfdcTpR8,4,14,train
bench pressing,F56MNeSubws,3,13,train
bench pressing,-jwA4UOiFyE,8,18,train
bench pressing,25C19ax0scs,198,208,train
bench pressing,XenRdjBTfUs,41,51,train
bench pressing,UtMaHq2r1zU,1,11,train
bench pressing,roGggIoVwxk,2,12,train
bench pressing,ZoN8F_bdCkw,4,14,train
bench pressing,Yo_cXspsk4o,32,42,train
bench pressing,8lKplAF67Kk,55,65,train
bench pressing,E2KvbSBWzO4,14,24,train
bench pressing,pfKPxYxtHBk,0,10,train
bench pressing,eVShyf30r1E,10,20,train
bench pressing,VkUtBllG9PM,6,16,train
bench pressing,B-iwdRdgHxY,23,33,train
bench pressing,WJkons9zDt8,1,11,train
bench pressing,Sgcl4Tw-oL8,3,13,train
bench pressing,ZFr6Lf_Q3I8,46,56,train
bench pressing,IM7VK25uef4,0,10,train
bench pressing,oiAebBnUF5k,49,59,train
bench pressing,fhRXTbfXasM,8,18,train
bench pressing,MrWeRYc55hA,4,14,train
bench pressing,peSHL-gTX5w,25,35,train
bench pressing,zTse7flKn3A,20,30,train
bench pressing,Sa9w8xclGW4,103,113,train
bench pressing,nVeQ4DftZnk,1,11,train
bench pressing,60ec-oicWyE,38,48,train
bench pressing,kNeQ6V9irnQ,1,11,train
bench pressing,E9KZOVuBRfA,35,45,train
bench pressing,_j-FyEoQ0jg,182,192,train
bench pressing,xSA9iYL25CE,1,11,train
bench pressing,f1CjrpVIAUk,101,111,train
bench pressing,8S9fDWDat1g,4,14,train
bench pressing,xvv1uOZuCdA,4,14,train
bench pressing,1UhKzKNXYqo,7,17,train
bench pressing,i3486Y1Fvyo,22,32,train
bench pressing,RlZRzdhmF_E,4,14,train
bench pressing,m6XGCVThTuQ,32,42,train
bench pressing,8YfVID19H5w,17,27,train
bench pressing,5dZOraotyEg,7,17,train
bench pressing,s2_7vEtkr4k,10,20,train
bench pressing,t99HGh595PA,13,23,train
bench pressing,AhyoWqf88AA,9,19,train
bench pressing,J3APbHKBFn4,0,10,train
bench pressing,wCxjDJ1JMPc,33,43,train
bench pressing,tiRvQoNpP3Q,17,27,train
bench pressing,oeDMVynjm_8,113,123,train
bench pressing,FCc-qnF2EfM,10,20,train
bench pressing,CA6QHVSOBy8,9,19,train
bench pressing,tE797XgqZs4,13,23,train
bench pressing,ZW04XJ6aM1M,2,12,train
bench pressing,JkoXyKdNuU4,4,14,train
bench pressing,pKyKd2nRXYA,1,11,train
bench pressing,sEI487pBEdg,7,17,train
bench pressing,xvfG9kyyeYI,13,23,train
bench pressing,sezlFz2_dTQ,4,14,train
bench pressing,12vWZg5BdG4,4,14,train
bench pressing,wqD88kwNrGA,22,32,train
bench pressing,Pq9SedgzW-s,21,31,train
bench pressing,NcAlKN7HW5k,7,17,train
bench pressing,CBRBusAxU-w,2,12,train
bench pressing,5eHsO4sFIEA,361,371,train
bench pressing,WtQQ0EvaKuo,14,24,train
bench pressing,sQ30leirmzw,6,16,train
bench pressing,F9LGslu3Cck,89,99,train
bench pressing,MPwhE9djiq8,0,10,train
bench pressing,uRcP9mxMSis,12,22,train
bench pressing,jknmTC0xHlM,34,44,train
bench pressing,ImdaV2c40MI,2,12,train
bench pressing,PD9yIeXElJE,23,33,train
bench pressing,B-4D89h_8os,16,26,train
bench pressing,xT46IOQPCuQ,13,23,train
bench pressing,ThMudW-87-k,2,12,train
bench pressing,OtpZtyriM8w,3,13,train
bench pressing,U0z2NCWoViA,0,10,train
bench pressing,WDwNJ8Edkfo,4,14,train
bench pressing,c8HWGiyH00o,55,65,train
bench pressing,mYw0_y4FzFc,76,86,train
bench pressing,eDZgFPNRlII,44,54,train
bench pressing,Y32yFYRmNVU,15,25,train
bench pressing,UrRfvF19DxA,4,14,train
bench pressing,5kz4tgU7UUU,19,29,train
bench pressing,ipG6qRX2Qno,28,38,train
bench pressing,lZgcMU0S7Kw,27,37,train
bench pressing,f_-lwtYZmrk,21,31,train
bench pressing,CtMvrMzFme4,10,20,train
bench pressing,WZAi9blloSg,12,22,train
bench pressing,1iqSev_QCKc,8,18,train
bench pressing,84F5nw3TEDk,2,12,train
bench pressing,6KGWfMMrEpA,31,41,train
bench pressing,nJWXrtkTSLk,0,10,train
bench pressing,V3CU2If0JaA,62,72,train
bench pressing,hUjDGOhSWkc,16,26,train
bench pressing,c8dm8EhPlCU,1,11,train
bench pressing,epqJH5Uow30,29,39,train
bench pressing,lSMbpEkXmDk,94,104,train
bench pressing,l7onb0pRQmI,0,10,train
bench pressing,9bW0y4GxeOw,60,70,train
bench pressing,DiiAjEcHLg4,2,12,train
bench pressing,qCVpYAC5tlE,215,225,train
bench pressing,c7nQcrmlLck,1,11,train
bench pressing,foCvfVO08FY,0,10,train
bench pressing,tez2VluPKaE,6,16,train
bench pressing,g9r9VLmT2ZA,12,22,train
bench pressing,TekxZpmmgpI,58,68,train
bench pressing,wSgZEwAa6CA,8,18,train
bench pressing,nx5AqM88fxo,6,16,train
bench pressing,os377khTE8Q,12,22,train
bench pressing,xC4ly0wrzgY,9,19,train
bench pressing,qv32dEIKREg,38,48,train
bench pressing,hNtLEUdPrDw,20,30,train
bench pressing,guFy_K6EiVk,13,23,train
bench pressing,yDjvtHR_VT0,15,25,train
bench pressing,-S5lgM4ZiYM,7,17,train
bench pressing,U6XE-wyR3so,61,71,train
bench pressing,MZZvil8DSn0,18,28,train
bench pressing,KE_mLxskk9I,1,11,train
bench pressing,jadwMJLsXI4,24,34,train
bench pressing,FJCa7p6nc-Y,11,21,train
bench pressing,8gYeiygqT4o,0,10,train
bench pressing,j-UT6Rmx4nM,7,17,train
bench pressing,iJn13OSvveY,4,14,train
bench pressing,AlydFwDki5o,6,16,train
bench pressing,oNv-ZqOPa4Y,25,35,train
bench pressing,xrPrnzvWUkY,15,25,train
bench pressing,J8VWxQj82y0,4,14,train
bench pressing,NUurMlLJa8U,15,25,train
bench pressing,3gMyyKLh1Hs,209,219,train
bench pressing,LDkU1wnbIX0,33,43,train
bench pressing,JuLEPlOIAc4,4,14,train
bench pressing,SoorwYQKW4I,38,48,train
bench pressing,WEzVnR4GnuA,4,14,train
bench pressing,H5Serpimcb0,19,29,train
bench pressing,0cXMwdPY4iw,120,130,train
bench pressing,Tets7VvDxrM,50,60,train
bench pressing,3q0f6BJx_V8,2,12,train
bench pressing,tSyI0Jvggn0,0,10,train
bench pressing,jxz6cpktV6A,25,35,train
bench pressing,QpBbHsUVcHc,3,13,train
bench pressing,4-zjrjW26xk,1,11,train
bench pressing,hC6g4sKqVuY,10,20,train
bench pressing,wt8YZ4WodVY,0,10,train
bench pressing,9zN8ai6_RmI,73,83,train
bench pressing,ETJA8LoXHNY,1,11,train
bench pressing,SvewEBSStUo,1,11,train
bench pressing,fjImGRI0XnM,19,29,train
bench pressing,d_oZ4Fc4VZo,26,36,train
bench pressing,nnXZr8dJh54,15,25,train
bench pressing,WvqCDm9iEyA,12,22,train
bench pressing,Scbn9PGUVDo,410,420,train
bench pressing,ia_GuvsS3uc,4,14,train
bench pressing,C4-ZQjH2tNM,37,47,train
bench pressing,p5lgyupDS2w,4,14,train
bench pressing,xpgbLdT8wuQ,27,37,train
bench pressing,r05s0s7ROVE,3,13,train
bench pressing,By-mpxyVckM,28,38,train
bench pressing,UjNp9euVdAA,12,22,train
bench pressing,NcjNaEwL9hY,43,53,train
bench pressing,wVDC2ftGKh8,1,11,train
bench pressing,cKT7wCdERFw,0,10,train
bench pressing,FC25_Eh6J7s,37,47,train
bench pressing,Nwa9OV0P7Y8,7,17,train
bench pressing,WD_yk_Q1j4Q,8,18,train
bench pressing,GeDKYUFM-0A,0,10,train
bench pressing,7Nczwl4lgyI,0,10,train
bench pressing,olDXUmPxyyA,4,14,train
bench pressing,PTqQVU39AAU,8,18,train
bench pressing,X64Xuh_C0_w,12,22,train
bench pressing,3eAfdZZ8-Ns,13,23,train
bench pressing,BoTOg4i1iSs,16,26,train
bench pressing,c0gev5eUNzU,55,65,train
bench pressing,u_wHpKxwJUg,52,62,train
bench pressing,I-IRg8tX-kc,10,20,train
bench pressing,TBMZywwPn1Q,4,14,train
bench pressing,Ab_M3ISeFnM,1,11,train
bench pressing,T9HePJpEFMM,5,15,train
bench pressing,UP4f6nd376k,3,13,train
bench pressing,q82M1_lpJ7U,16,26,train
bench pressing,3eyEblbrO6Q,41,51,train
bench pressing,EhyWVXFtsWY,5,15,train
bench pressing,BgTcOrU5r1Q,80,90,train
bench pressing,nbICgZgj7DY,0,10,train
bench pressing,vWFTQJyzJA8,33,43,train
bench pressing,oZwfgIkwj-s,125,135,train
bench pressing,5Ryr4ctXG0I,33,43,train
bench pressing,jZ3pF75v8NE,26,36,train
bench pressing,Wabfe4q5c60,2,12,train
bench pressing,HojuGCOlt1Q,32,42,train
bench pressing,y7Map2rmEZ8,9,19,train
bench pressing,gqJ0aI7cp8s,3,13,train
bench pressing,BFPKPjBgXIU,22,32,train
bench pressing,fKoTsU9WvE8,21,31,train
bench pressing,MsVgXhhr_Rk,3,13,train
bench pressing,tW0YTTw0TbU,0,10,train
bench pressing,dCkHnLOp-z4,63,73,train
bench pressing,D7THpKswXU4,3,13,train
bench pressing,82ALdgEAMA4,4,14,train
bench pressing,w6o3InzD-Gk,8,18,train
bench pressing,Un5qAeH0Iww,9,19,train
bench pressing,jjUFrGlxLOw,11,21,train
bench pressing,za7947CCfVo,77,87,train
bench pressing,Pjyr19aiHlA,2,12,train
bench pressing,58jm3PYoxPQ,0,10,train
bench pressing,J_kc-4omcNQ,8,18,train
bench pressing,95LGhCXYy1o,15,25,train
bench pressing,MLLbKM7T41Y,20,30,train
bench pressing,NG6_08CKNEk,105,115,train
bench pressing,5hQ67QvDijk,2,12,train
bench pressing,d8w-VtuwFBA,6,16,train
bench pressing,Z7dHBuBG4pc,123,133,train
bench pressing,Jw3XotyVPAU,7,17,train
bench pressing,6cid90Lgapo,24,34,train
bench pressing,_aC9miA0hHg,36,46,train
bench pressing,1rRgF-9pvP8,5,15,train
bench pressing,aDGa4XX21v8,13,23,train
bench pressing,D2iFg_uWVrI,11,21,train
bench pressing,SyvaHxYI63o,41,51,train
bench pressing,eFDBMOJEtUI,2,12,train
bench pressing,6ZAII2zYTB4,0,10,train
bench pressing,tluONbqnJ98,6,16,train
bench pressing,rIf0qubpxiI,12,22,train
bench pressing,hmJBLLlsD-8,19,29,train
bench pressing,PqO3t4HqZoA,4,14,train
bench pressing,FHpUC7xZENY,30,40,train
bench pressing,xA_SSyLypoA,2,12,train
bench pressing,FumYFZfl5EM,52,62,train
bench pressing,BRAy3FDp5Mg,36,46,train
bench pressing,88Mgqotzgso,25,35,train
bench pressing,WBNhnWNDSME,56,66,train
bench pressing,qykgsoLzHM4,7,17,train
bench pressing,Lg0Jx5iMZE0,4,14,train
bench pressing,my4OO9xmQ4Q,11,21,train
bench pressing,VL2wbpQqLm4,24,34,train
bench pressing,8f2IaQMP0NE,43,53,train
bench pressing,j5hOMwZSipQ,3,13,train
bench pressing,C17DqArwNFQ,63,73,train
bench pressing,nQezF8KBfac,5,15,train
bench pressing,Ceqq0-rg27U,5,15,train
bench pressing,Z-0RxtOxEJ4,48,58,train
bench pressing,jwXGqEbMHdY,120,130,train
bench pressing,W_tsrl2shjE,12,22,train
bench pressing,Mc-lS4Od_Yg,2,12,train
bench pressing,vA0aDMv-B_k,18,28,train
bench pressing,x2OGi4eyKcA,30,40,train
bench pressing,5fcyyIq6QA0,7,17,train
bench pressing,whn0sLjZPeA,1,11,train
bench pressing,jGCX-kosLv0,2,12,train
bench pressing,yJcKeNFX0K0,28,38,train
bench pressing,FyYRvnHdOgU,3,13,train
bench pressing,KWMQz1jGUbU,22,32,train
bench pressing,bPOyQTIBKTA,20,30,train
bench pressing,YycDjmMzhLw,2,12,train
bench pressing,L8jWIwyDEJo,4,14,train
bench pressing,ueAVqb-u5Ng,115,125,train
bench pressing,GbjA8jxM8SQ,77,87,train
bench pressing,hHFF7SlYg_4,7,17,train
bench pressing,dDM7bmMp3e8,55,65,train
bench pressing,5IuGP3Ps8pA,49,59,train
bench pressing,T_rxEG1FyQg,55,65,train
bench pressing,CVeTITJCutQ,1,11,train
bench pressing,KQK58ZdlpUI,3,13,train
bench pressing,xp7vzJZrnO4,34,44,train
bench pressing,QAlJtZsPngQ,38,48,train
bench pressing,2wtEBmRK6v8,50,60,train
bench pressing,QgtKJj6ECzo,34,44,train
bench pressing,3wm78WGKOt4,13,23,train
bench pressing,w5fumfUvQwc,211,221,train
bench pressing,BClR5gWMXKo,30,40,train
bench pressing,YEa1SA3mnCg,17,27,train
bench pressing,KAhTdLATPqY,2,12,train
bench pressing,GkJCuOK_UhE,8,18,train
bench pressing,lRn9DC8yo7M,45,55,train
bench pressing,jZFiCJbzf3I,17,27,train
bench pressing,Kn7mFmfXuZI,21,31,train
bench pressing,phRQp0YfwpM,7,17,train
bench pressing,uG4ip8Eqszs,22,32,train
bench pressing,OEurO0chBNA,44,54,train
bench pressing,8B8lNhwtVR0,13,23,train
bench pressing,NO9V7p0gzyM,215,225,train
bench pressing,arSZ-uTWStU,298,308,train
bench pressing,7ZgKfs0iNS8,0,10,train
bench pressing,PHMfTJn_NPk,3,13,train
bench pressing,P4hjvtNCCZw,3,13,train
bench pressing,az-wV8TD0tM,1,11,train
bench pressing,KWYKegJoT6k,36,46,train
bench pressing,dldW4VlkBGQ,0,10,train
bench pressing,V_nk_Wtgr1s,234,244,train
bench pressing,yaRMolTgIHc,7,17,train
bench pressing,rLwWaOcxbBM,4,14,train
bench pressing,zcCwlbjaqhg,29,39,train
bench pressing,XGx_MzLgopk,16,26,train
bench pressing,CXgv232iW3c,2,12,train
bench pressing,WoZoL0c3A2Y,40,50,train
bench pressing,Z3zwDjmDFO4,23,33,train
bench pressing,pt9QD2WYV-M,53,63,train
bench pressing,lO-QBT_7QqI,7,17,train
bench pressing,-m91N3ITxfc,38,48,train
bench pressing,OYT1TbTaczA,25,35,train
bench pressing,TxhiarReYfg,16,26,train
bench pressing,hiVe2eAjRUw,17,27,train
bench pressing,8HZ0eT3iSmU,5,15,train
bench pressing,BaaQFnTYLC8,0,10,train
bench pressing,BrzmbQhmW1M,16,26,train
bench pressing,if6b1HoQvpk,2,12,train
bench pressing,6WAMLFkT0X0,1,11,train
bench pressing,-ufA6B-uTfE,2,12,train
bench pressing,ePuZ4xc3EcM,0,10,train
bench pressing,i4ZLRhQnPxw,3,13,train
bench pressing,kX62qdOefyk,25,35,train
bench pressing,x5TQFXiaRxg,28,38,train
bench pressing,Vr2abqjstJ4,21,31,train
bench pressing,sxc6-FSeQGo,1,11,train
bench pressing,zQzmFFqs_30,39,49,train
bench pressing,LWJE8soPb1w,329,339,train
bench pressing,sd4DxaP5yuQ,14,24,train
bench pressing,SjNx3If1XfU,3,13,train
bench pressing,4s8kz2KesMM,1,11,train
bench pressing,clHDgvCjtBs,1,11,train
bench pressing,RbEJrUhHsUs,5,15,train
bench pressing,Gu8BokKUICw,31,41,train
bench pressing,Q8hAgtaL-5s,2,12,train
bench pressing,Xgfz6UiuKS8,25,35,train
bench pressing,zpxgcFBixtY,12,22,train
bench pressing,boPHDLEqcsI,0,10,train
bench pressing,3_HWFQnvxMM,15,25,train
bench pressing,e1pjtIPV9KI,0,10,train
bench pressing,hnC9FKaI5m4,25,35,train
bench pressing,hOKl7sjMeNU,11,21,train
bench pressing,LzE9EpY38NE,49,59,train
bench pressing,sKPwu83VBLQ,0,10,train
bench pressing,B_ksWK1Qsg8,8,18,train
bench pressing,0kA8F7EKsOQ,13,23,train
bench pressing,JuW_CnlSHps,32,42,train
bench pressing,wHMzdJe_Pls,11,21,train
bench pressing,8NCMh_0lShY,3,13,train
bench pressing,GrO9FzjDB6I,1,11,train
bench pressing,sgPDFliqQUo,4,14,train
bench pressing,OLNY6QxRB4U,12,22,train
bench pressing,jLGMobZ2Nzc,28,38,train
bench pressing,TTcE355WRxQ,121,131,train
bench pressing,TtcEU6_Yd0A,5,15,train
bench pressing,S99Zpm3-YWQ,2,12,train
bench pressing,PCtH8dDPllA,8,18,train
bench pressing,qLDl3XI5qzk,9,19,train
bench pressing,6bXS1AQ-G4Y,4,14,train
bench pressing,YjEV5BTvkoA,4,14,train
bench pressing,aeR9wdp1YwE,23,33,train
bench pressing,EUIW3OuUdU4,145,155,train
bench pressing,onBBtke0aAw,30,40,train
bench pressing,KJVSKxoYuQg,0,10,train
bench pressing,Vr93FU6KUOc,2,12,train
bench pressing,LCX00PQpPkw,19,29,train
bench pressing,iaD1FNLE4BE,5,15,train
bench pressing,fTYmCnfScUM,45,55,train
bench pressing,Io7dcD3d0Tg,1,11,train
bench pressing,uI0DL52pfSU,8,18,train
bench pressing,TO1f6Oy8ZEg,43,53,train
bench pressing,5I79UfNP1Es,0,10,train
bench pressing,d5wrt885f7Y,2,12,train
bench pressing,vi2-lxMTI6Y,25,35,train
bench pressing,j3ku6Kq57ik,6,16,train
bench pressing,vdNOTBCRBw0,1,11,train
bench pressing,e78koMum1ps,18,28,train
bench pressing,IOHmhMB9LNE,417,427,train
bench pressing,xQjTejRFGng,374,384,train
bench pressing,KG2rkniclSo,55,65,train
bench pressing,5NaKQDqOZvg,45,55,train
bench pressing,KIPuxgiIMqA,0,10,train
bench pressing,MXvsn9Ty9Go,22,32,train
bench pressing,NFmcthS4Ja0,16,26,train
bench pressing,gtPbMH3a6lM,7,17,train
bench pressing,CY0GKejQRVI,13,23,train
bench pressing,MUWRU2evqB0,22,32,train
bench pressing,QfU0gTCDcFg,9,19,train
bench pressing,FY_oHOM47_I,3,13,train
bench pressing,xxRsvS5sT4M,36,46,train
bench pressing,DazRv3EhV40,7,17,train
bench pressing,wj6D8sO-9MA,15,25,train
bench pressing,ExiJ7qKakH4,0,10,train
bench pressing,cHWiLbeSD1g,22,32,train
bench pressing,9ZuW-T2v144,394,404,train
bench pressing,kE0USKWy4ug,5,15,train
bench pressing,52od4M9kKXs,19,29,train
bench pressing,j5tO9HykXb4,24,34,train
bench pressing,EjPluNmMufc,2,12,train
bench pressing,hFGOYrm_G9k,0,10,train
bench pressing,Fr2yK-7jVuI,8,18,train
bench pressing,6691uZARdms,21,31,train
bench pressing,7aGACzcMMSg,19,29,train
bench pressing,WA6WBQ5TSZk,53,63,train
bench pressing,fK4FMhPm4S4,25,35,train
bench pressing,1Ks-9nbi89M,15,25,train
bench pressing,zgi15gr5bis,574,584,train
bench pressing,1KZOaROGiAY,1,11,train
bench pressing,5rDDlvo3TM0,23,33,train
bench pressing,X-03w0M7Gkg,13,23,train
bench pressing,K6FjW1k0Xd0,7,17,train
bench pressing,kgUitjc1kK8,11,21,train
bench pressing,Vl81fmM2vOg,27,37,train
bench pressing,OQG-2AODGnU,16,26,train
bench pressing,8NUTvYTKLyY,8,18,train
bench pressing,t2dL-qiNmU0,12,22,train
bench pressing,QrLmoVBQ4k0,239,249,train
bench pressing,Cg2ZY_i5zvM,0,10,train
bench pressing,0TFR3625sTQ,20,30,train
bench pressing,P4-TV5LcIMc,2,12,train
bench pressing,n_O4SpySb6k,8,18,train
bench pressing,QIjmxP15sDo,10,20,train
bench pressing,IzgfiuAobe4,0,10,train
bench pressing,DOHHFDkN7S4,3,13,train
bench pressing,tNkMyW_oQ-Q,1,11,train
bench pressing,LuSalTvpzI4,19,29,train
bench pressing,UmQzLONStf4,1,11,train
bench pressing,SkmRx6UKJnM,27,37,train
bench pressing,GFfYZ2PPyZE,94,104,train
bench pressing,-QlSUFX-xok,0,10,train
bench pressing,LMNDNxs3QWg,49,59,train
bench pressing,95ZiAIk9Lw8,3,13,train
bench pressing,fo1u8bJGqGs,170,180,train
bench pressing,UKXyZQ8nQxI,0,10,train
bench pressing,OVuEnwS7Vm4,22,32,train
bench pressing,TTbpAVp3t0c,4,14,train
bench pressing,QdiQ5lp11cY,8,18,train
bench pressing,Jzn95XKzKSM,0,10,train
bench pressing,Qxdb4vwe-jw,1,11,train
bench pressing,D3gQVAhLTBA,133,143,train
bench pressing,AvZsJBNKzY8,47,57,train
bench pressing,E7VI6aS8is4,9,19,train
bench pressing,PSnMFT3doMc,24,34,train
bench pressing,E7Tb6f8Ktfw,187,197,train
bench pressing,zut9NdjLkKE,2,12,train
bench pressing,-NAi85LLBoc,19,29,train
bench pressing,kSU7fqM_OPs,5,15,train
bench pressing,epiUGGhpXi0,2,12,train
bench pressing,vIoWPIJtXns,19,29,train
bench pressing,9gE7UhfQ5qQ,41,51,train
bench pressing,MNKNI1LPB4Y,27,37,train
bench pressing,jKuZkAWAhpY,8,18,train
bench pressing,DkSLLlZBJbs,45,55,train
bench pressing,1RLW7tueHb4,7,17,train
bench pressing,igCZAMVcvsQ,2,12,train
bench pressing,pMKH2S_EHlY,4,14,train
bench pressing,-Dffz-3yZgw,22,32,train
bench pressing,ECnjxQOVXXk,1,11,train
bench pressing,GibrokWxxPw,7,17,train
bench pressing,OZSHg8EiPjI,131,141,train
bench pressing,32L9h_1yByY,16,26,train
bench pressing,mzRItsEpOB4,0,10,train
bench pressing,YFPyAgFX4l8,0,10,train
bench pressing,oI_mMj-AEq4,2,12,train
bench pressing,9RfXvrFATys,2,12,train
bench pressing,xUPdTFIkxXk,17,27,train
bench pressing,gUJ2-oODsuQ,16,26,train
bench pressing,tuQaXZZ-BM4,0,10,train
bench pressing,ioeujr-hvNk,41,51,train
bench pressing,ReIMW1pFBMI,17,27,train
bench pressing,y1tlsTwHa58,19,29,train
bench pressing,CvRN6WzlHv0,69,79,train
bench pressing,8M1xqaeOb0o,8,18,train
bench pressing,p6plmfqYuoY,13,23,train
bench pressing,CMbC76aA-yw,20,30,train
bench pressing,TpXvDTWjPl8,117,127,train
bench pressing,UbKDeT5N5h4,8,18,train
bench pressing,F4wlWyvtxfo,11,21,train
bench pressing,zHNNztoacJo,98,108,train
bench pressing,DQI_SwSnHhI,0,10,train
bench pressing,IG71aOJQR60,7,17,train
bench pressing,moXmDuAZIz0,2,12,train
bench pressing,pCDNrpLctr8,59,69,train
bench pressing,0__sU8X-Uc0,3,13,train
bench pressing,CbFfayJaatk,19,29,train
bench pressing,AsFrUYhLDJY,11,21,train
bench pressing,-3Ck7V6iqPk,8,18,train
bench pressing,G_hCeQqTVEw,18,28,train
bench pressing,7byiQ0VuwR8,36,46,train
bench pressing,9hx6tbNTgM8,11,21,train
bench pressing,FOyMqi2TwWs,2,12,train
bench pressing,HiuJQDxHr_o,2,12,train
bench pressing,tE_87lHSCgE,4,14,train
bench pressing,Mqaw9X-BAdE,19,29,train
bench pressing,bvVUOxMwy-0,30,40,train
bench pressing,wVLOmJ1RXRI,31,41,train
bench pressing,LJDhVotK8fQ,0,10,train
bench pressing,WEtUtYWMOiM,11,21,train
bench pressing,-nPeUqrex5w,12,22,train
bench pressing,rR5Frt-fLOM,18,28,train
bench pressing,AQSny-woTSY,0,10,train
bench pressing,yJQ_zMEBxK4,2,12,train
bench pressing,PVMD1si8aSE,2,12,train
bench pressing,GrwhR6vJASs,27,37,train
bench pressing,l8QR_uWxHgE,14,24,train
bench pressing,UpCSaznTuW4,5,15,train
bench pressing,XRQWuzqfjW8,78,88,train
bench pressing,BDOyyXvkZfM,220,230,train
bench pressing,r6BsgC0oug0,18,28,train
bench pressing,z-nzrhgKfe4,159,169,train
bench pressing,sGSKsDVQnN0,15,25,train
bench pressing,my4_tK6KRNE,0,10,train
bench pressing,OjaNmGdHCmg,3,13,train
bench pressing,qTid37cfWHQ,11,21,train
bench pressing,g8m1nirOQbo,5,15,train
bench pressing,RGv5IPJtwgU,3,13,train
bench pressing,b7RoaM7bRtQ,15,25,train
bench pressing,OITuiLFU0XE,9,19,train
bench pressing,Obg0W09RoPg,7,17,train
bench pressing,bEhtM5ETiAo,25,35,train
bench pressing,RNMiK9OV358,22,32,train
bench pressing,w8AdTNed6AU,0,10,train
bench pressing,5Rn2FRdjiUw,1,11,train
bench pressing,NOqaAucbHnU,4,14,train
bench pressing,M7MJrUp06qE,10,20,train
bench pressing,hc0qLiWVijQ,35,45,train
bench pressing,vB-gGeK8wGU,10,20,train
bench pressing,jJs_BH2MDBQ,6,16,train
bench pressing,dCpUcn3sNj8,0,10,train
bench pressing,e-dMzXkVgpU,2,12,train
bench pressing,m3panp-4mNE,3,13,train
bench pressing,9CSSG2KLw0g,32,42,train
bench pressing,LpGCzxOj05o,1,11,train
bench pressing,j1hr4Bth3os,47,57,train
bench pressing,wvQ_tWVeLk4,28,38,train
bench pressing,NV0OBa6sSFM,18,28,train
bench pressing,rspyOulfIRY,6,16,train
bench pressing,MC4ElrgCSTM,8,18,train
bench pressing,2DVQEhzw2IA,7,17,train
bench pressing,hmP6g31FFpQ,240,250,train
bench pressing,7EXgN0CiUPI,73,83,train
bench pressing,LnC0wIC7pjM,16,26,train
bench pressing,Zui8MgvRdJ0,4,14,train
bench pressing,oLO-FInFIg8,16,26,train
bench pressing,P2hB8qC6a84,16,26,train
bench pressing,hHUyAXZmX9s,3,13,train
bench pressing,qRXxXLvrfC0,27,37,train
bench pressing,pm7VHIv501A,412,422,train
bench pressing,vP_Oc4V7WtY,18,28,train
bench pressing,J3qk61kAhhI,131,141,train
bench pressing,w1ywix3yWeo,0,10,train
bench pressing,8nbEQY9UxMk,19,29,train
bench pressing,11Kgk4IRurc,6,16,train
bench pressing,iWyH-VoKFEk,5,15,train
bench pressing,GA4j8hq7xVQ,13,23,train
bench pressing,pmfEXaihxAo,11,21,train
bench pressing,IdtGeXGR6a8,11,21,train
bench pressing,tqWoBAZfwOM,3,13,train
bench pressing,xhY6FUewDUE,1,11,train
bench pressing,-lY0GixYJZo,5,15,train
bench pressing,8aYG0nkB1rU,21,31,train
bench pressing,jdpn41iU2_s,33,43,train
bench pressing,Tm4enuipoBI,7,17,train
bench pressing,tSmRu3HCPwo,30,40,train
bench pressing,1ZLC5Di2nvk,1,11,train
bench pressing,4LM4uDtH5rQ,35,45,train
bench pressing,2qx5RzGoER4,6,16,train
bench pressing,X6Ma61_cn24,7,17,train
bench pressing,_IQCgoI9ovo,43,53,train
bench pressing,cGlk84nVre8,7,17,train
bench pressing,29edMjSvOH4,14,24,train
bench pressing,p4yiTQbqh4M,12,22,train
bench pressing,2yzFbd6m8iU,30,40,train
bench pressing,kyevzFu9R4M,52,62,train
bench pressing,KI4qhHcicjQ,28,38,train
bench pressing,1km_v3FiHfk,6,16,train
bench pressing,FrLmi3eA6CU,32,42,train
bench pressing,XZQ9Fmf3HuM,61,71,train
bench pressing,WFiyLspJlTo,5,15,train
bench pressing,C-dOYjg9nLY,10,20,train
bench pressing,2bkWy7qI_ao,1,11,train
bench pressing,X8vNNiIn56M,0,10,train
bench pressing,t_KGyle7RYo,122,132,train
bench pressing,D8vLQ1dWQR0,8,18,train
bench pressing,t5Xt4VA49b0,5,15,train
bench pressing,Cec4QAHQLyA,0,10,train
bench pressing,072gdrATTyw,4,14,train
bench pressing,QOQQVM7RwOA,4,14,train
bench pressing,CR51ytuCf00,209,219,train
bench pressing,Q-Ji2DXHPUw,0,10,train
bench pressing,LAJ65w-sYUo,66,76,train
bench pressing,6PqipkA_7Rk,18,28,train
bench pressing,OZC0MPNO1ds,0,10,train
bench pressing,0yvZ6LmjZS4,1,11,train
bench pressing,Lg-mP6d_qUo,3,13,train
bench pressing,EwsARNDw4qQ,24,34,train
bench pressing,qSXoAoiqGvc,4,14,train
bench pressing,kb6p4Fhnwsk,3,13,train
bench pressing,hWd2gSegWBM,17,27,train
bench pressing,1mZd1kVDFW0,7,17,train
bench pressing,lC3vBBGoKko,5,15,train
bench pressing,U3DdO0lfDqo,14,24,train
bench pressing,KXfiAHqW8HQ,2,12,train
bench pressing,4Kihd3pTJqQ,29,39,train
bench pressing,Q65btERYbxg,5,15,train
bench pressing,I2dqkd5SFyA,0,10,train
bench pressing,Ee2zMc1Zxl4,38,48,train
bench pressing,_837xlAuAD0,5,15,train
bench pressing,-O8RW7Bf2n0,2,12,train
bench pressing,_2MeprGYj70,1,11,train
bench pressing,DnMx7EjjmFo,11,21,train
bench pressing,KW3xOQIgsto,15,25,train
bench pressing,aJUdrtbHjTs,2,12,train
bench pressing,9FavIAzhWdU,2,12,train
bench pressing,JWZEIRXVK_E,3,13,train
bench pressing,IjKzd-caR00,1,11,train
bench pressing,-zRoQ6-xajE,5,15,train
bench pressing,UWCpaWaT0Os,16,26,train
bench pressing,7QAMesOwGe8,13,23,train
bench pressing,8_qJ6-rCh-w,37,47,train
bench pressing,eTaWaFLKiKI,10,20,train
bench pressing,Ys4hEphXuFo,2,12,train
bench pressing,Oy1rKh1v2Dc,42,52,train
bench pressing,ENfZCZEIdC0,17,27,train
bench pressing,wD9mBFSHM1Y,0,10,train
bench pressing,PUFXm3W4Xl8,22,32,train
bench pressing,KeiIH4X7lNk,25,35,train
bench pressing,oBrpfQaICGM,0,10,train
bench pressing,gvSeD1K8ckA,11,21,train
bench pressing,rtzushpt1aU,40,50,train
bench pressing,Ued0O8G5P_4,0,10,train
bench pressing,xDQmr2KwEsM,0,10,train
bench pressing,c8u7KHlpLx4,290,300,train
bench pressing,KIeWh3R3mZE,18,28,train
bench pressing,mW1oYPdTYg8,1,11,train
bench pressing,itVh--9zda4,20,30,train
bench pressing,Qydq0rFW0fg,23,33,train
bench pressing,eAMEpyCBTpg,1,11,train
bench pressing,19JxrBcm-AM,104,114,train
bench pressing,dmGhWidI8e0,5,15,train
bench pressing,91PykcsOlUw,24,34,train
bench pressing,lM5vluq7CH4,15,25,train
bench pressing,ORK6fIrYo8c,77,87,train
bench pressing,NX5TcYEILhI,0,10,train
bench pressing,NkdvWUbPo0E,21,31,train
bench pressing,nFCFpSgazyU,34,44,train
bench pressing,pMA0hYvMXjk,44,54,train
bench pressing,q-48E7vZAXo,6,16,train
bench pressing,3MbLV9MjhUk,3,13,train
bench pressing,S3SmmNJbI_U,7,17,train
bench pressing,YdUTZXLf73s,1,11,train
bench pressing,4ikcj6JPiD0,9,19,train
bench pressing,GMgwpq7KSxQ,64,74,train
bench pressing,2IKqosuFcok,3,13,train
bench pressing,GBmt4SLvnXg,27,37,train
bench pressing,VwTf1byU9hg,12,22,train
bench pressing,bxqBu6inEjI,3,13,train
bench pressing,nZzPYae-tVM,6,16,train
bench pressing,K-u1I5d_Zqk,0,10,train
bench pressing,FAmiFzbqe10,73,83,train
bench pressing,ds3edfX5sW0,6,16,train
bench pressing,ppaoFlGl_a0,5,15,train
bench pressing,k5fWvRy20r0,13,23,train
bench pressing,vceE_4WnyEs,0,10,train
bench pressing,huRieedphP8,2,12,train
bench pressing,5Nh6i16tjek,0,10,train
bench pressing,1HehS1WugAk,4,14,train
bench pressing,7l9w3Mu5QIQ,0,10,train
bench pressing,JHbCNnnlxjQ,9,19,train
bench pressing,SRNDmTi2hFw,2,12,train
bench pressing,Ly5nkUSgSIw,1,11,train
bench pressing,fXVmKDVRFMU,8,18,train
bench pressing,ZsD1_bm6lb8,0,10,train
bench pressing,idT_ZVApccg,17,27,train
bench pressing,y_b6ahVfs1w,0,10,train
bench pressing,u6y4xURwuMA,7,17,train
bench pressing,ixQaUaFKlTU,2,12,train
bench pressing,7fnlU0t5ejE,1,11,train
bench pressing,k6sX8f-XlYE,28,38,train
bench pressing,XcoB2m6KTRE,48,58,train
bench pressing,kkOqortqrno,2,12,train
bench pressing,4v6S1Crvp7A,4,14,train
bench pressing,GLTUPnWP_rg,7,17,train
bench pressing,oWK1EtRuPP8,0,10,train
bench pressing,hxqqaTvnp20,1488,1498,train
bench pressing,5DzQXU44Sro,11,21,train
bench pressing,ZB88b4Dhb4Q,15,25,train
bench pressing,THka_x2cKDo,32,42,train
bench pressing,lizKRTgoZNY,51,61,train
bench pressing,Uy7TMzIceYs,85,95,train
bench pressing,T-mApuLu3NY,26,36,train
bench pressing,YvS4LbK9LEc,89,99,train
bench pressing,sclV1zG72qA,13,23,train
bench pressing,nawuQA81JWE,6,16,train
bench pressing,eEYh4_r8OT8,4,14,train
bench pressing,zKBqcF1hEdA,1,11,train
bench pressing,GGlDjWcLxaY,1,11,train
bench pressing,fZuYcxyW9Mk,58,68,train
bench pressing,rmTyND0OfP0,0,10,train
bench pressing,WLYBJk40b6I,13,23,train
bench pressing,534mbmJNhF4,13,23,train
bench pressing,LsaoNDdT8Lk,21,31,train
bench pressing,y-IhXMrOHzE,44,54,train
bench pressing,MHO4E0JJdQg,11,21,train
bench pressing,nDPZrO1y4UM,6,16,train
bench pressing,13Y0Ja2EfJI,28,38,train
bench pressing,PzrQCFvwDvY,5,15,train
bench pressing,g30h8ExdPYE,0,10,train
bench pressing,6hJSIT0u9F8,2,12,train
bench pressing,-0tnFi1az8k,14,24,train
bench pressing,KFDb_WxHPLg,6,16,train
bench pressing,sRqQqH9BVvA,25,35,train
bench pressing,qJJP0WWYwrs,28,38,train
bench pressing,gXNzWmA9eBE,50,60,train
bench pressing,8zrawnaqSbU,33,43,train
bench pressing,dUDFrxoeTeQ,3,13,train
bench pressing,8V0KeJ-vJ2o,2,12,train
bench pressing,gKLyLWpfIoc,9,19,train
bench pressing,kQvAmCl-loM,4,14,train
bench pressing,PlZ8YL75RKM,8,18,train
bench pressing,EUTqFz9EpQo,32,42,train
bench pressing,3gWy3xWSDsg,4,14,train
bench pressing,KsOw05oRYyg,4,14,train
bench pressing,LknG8fOTg3I,57,67,train
bench pressing,bUireMT00KM,24,34,train
bench pressing,O1f0mohkPQY,12,22,train
bench pressing,AuXLpxCKhGk,33,43,train
bench pressing,jJAAi7tGwUc,7,17,train
bench pressing,8XgkNjYweTM,2,12,train
bench pressing,MsAZvmo1Nww,16,26,train
bench pressing,QOGgOFMWd-A,1,11,train
bench pressing,gQzmcRkxnv4,35,45,train
bench pressing,cjRa4Y4KjuE,1,11,train
bench pressing,egBRtZLZsEo,11,21,train
bench pressing,YrTm8I7BUY8,0,10,train
bench pressing,rY_81VW3PvI,57,67,train
bench pressing,7Iy8Z3Ujl5k,3,13,train
bench pressing,2PUS4g7EXJA,28,38,train
bench pressing,FVBg6OkxiDE,22,32,train
bench pressing,KWMpvKqW3rc,12,22,train
bench pressing,fZwb39qOoAc,18,28,train
bench pressing,BgVhao_Yymw,4,14,train
bench pressing,QvzviBg_sSE,6,16,train
bench pressing,CU2OOEzrjc4,35,45,train
bench pressing,r0l30_1VQP0,39,49,train
bench pressing,J8BB8i8PcnY,7,17,train
bench pressing,n9BFUrtF1Fw,4,14,train
bench pressing,D6s3znwYmWU,22,32,train
bench pressing,uWyStsX4zNU,17,27,train
bench pressing,iD6w0fZfkVc,3,13,train
bench pressing,TKgqyiBOFQE,16,26,train
bench pressing,oPS4U3FaOjg,9,19,train
bench pressing,mgHS-PYkT88,0,10,train
bench pressing,QiME84oChZ4,3,13,train
bench pressing,Vf0ZCRj28E8,2,12,train
bench pressing,MINqfgipt0Y,9,19,train
bench pressing,fUBB02Tyj4s,0,10,train
bench pressing,mQek7_szG60,5,15,train
bench pressing,UQvqgbFKhI4,18,28,train
bench pressing,uhJKBaGEhyM,36,46,train
bench pressing,F3h8gW9GHaw,32,42,train
bench pressing,lSjSDUKthUk,3,13,train
bench pressing,8SMWT2Bj5Gc,45,55,train
bench pressing,G8Xn-wy_5SA,1,11,train
bench pressing,uoAxmeU26ss,18,28,train
bench pressing,IJtlAK9UjR8,3,13,train
bench pressing,7NbfbOLCTss,63,73,train
bench pressing,XS6EHzAh4UI,2,12,train
bench pressing,C9mmKkGz8CI,26,36,train
bench pressing,rMiVsj6vWXA,16,26,train
bench pressing,Mm4qQKveqZs,9,19,train
bench pressing,1rItq8U-FZg,11,21,train
bench pressing,OPBpsbSDzL4,14,24,train
bench pressing,7pB_Ufyu-9Y,28,38,train
bench pressing,-SFnrG0O-2E,191,201,train
bench pressing,ypAghtXN3Tc,11,21,train
bench pressing,SpQApEpufNY,15,25,train
bench pressing,XPMlQKy8zN4,47,57,train
bench pressing,xZQxggC8HNM,58,68,train
bench pressing,HF4CAhZhY7g,16,26,train
bench pressing,kWjCdsShJMs,2,12,train
bench pressing,8morf0R9guE,10,20,train
bench pressing,ehSg3cfjj6s,611,621,train
bench pressing,PTiJTZQCjXM,422,432,train
bench pressing,XkkoIW3yVII,25,35,train
bench pressing,thkUgsxrW6U,54,64,train
bench pressing,ZCFlmurAV1Q,154,164,train
bench pressing,YWRA-ZQpTZA,5,15,train
bench pressing,tGPHT7S49DA,10,20,train
bench pressing,0uPhdEadlIg,427,437,train
bench pressing,uplZG4ItXHo,22,32,train
bench pressing,h1MHuVav1kU,21,31,train
bench pressing,Ui7QbgntNnk,186,196,train
deadlifting,U1DE1x8XjvI,1,11,train
deadlifting,LAZPJF4De9U,27,37,train
deadlifting,77hwfx_-zYQ,94,104,train
deadlifting,c5_HmO4c9EA,2,12,train
deadlifting,f8fSaeclK8A,2,12,train
deadlifting,hYTE6s0V8y8,18,28,train
deadlifting,IgQhpr699f0,49,59,train
deadlifting,Jfjhez-SbsU,101,111,train
deadlifting,OGDZ3iUW_2g,4,14,train
deadlifting,52x4vrNoSZc,0,10,train
deadlifting,AX_MxVKFhuQ,42,52,train
deadlifting,71a2SgpVuhI,2,12,train
deadlifting,HHgHn8NAIFs,4,14,train
deadlifting,7j7Tw_8dYFM,1,11,train
deadlifting,kGWcawSAHBE,19,29,train
deadlifting,3l-1KpWs7bc,0,10,train
deadlifting,_QJhpl1jtjs,59,69,train
deadlifting,Mb8ejyLe_Rg,97,107,train
deadlifting,HvK6dgEyOYQ,19,29,train
deadlifting,I16xlto3LOA,15,25,train
deadlifting,IQDc3ggO0Tw,4,14,train
deadlifting,M4a7BFl_oxw,7,17,train
deadlifting,2pp3XlhzL4E,3,13,train
deadlifting,fFyf1bFm9kk,56,66,train
deadlifting,oaz7PnJydoQ,0,10,train
deadlifting,05ColYwT9Ac,1,11,train
deadlifting,MDkDAvdQOb8,4,14,train
deadlifting,OsqT4TniU5g,9,19,train
deadlifting,p7b7IPwwaHQ,16,26,train
deadlifting,am2Ofue7Yqk,64,74,train
deadlifting,mguwz5wuUSk,33,43,train
deadlifting,A3nae7zEJoQ,6,16,train
deadlifting,148gWx_kbzg,2,12,train
deadlifting,vcspr3L5yrk,359,369,train
deadlifting,HvZdZeqXogw,18,28,train
deadlifting,iCxByTdFxpY,21,31,train
deadlifting,f8JqKBDg6tM,25,35,train
deadlifting,bTWYUi6lAtU,22,32,train
deadlifting,H2uvr0Rd_pc,0,10,train
deadlifting,AgOyGISM_FA,3,13,train
deadlifting,T41yWUgmMGo,22,32,train
deadlifting,6eTi2gI1tyU,46,56,train
deadlifting,HnhsY4-A4o8,2,12,train
deadlifting,u8ij-_1jwfo,2,12,train
deadlifting,y50QMRmreE0,28,38,train
deadlifting,ldJx2_8kMxc,5,15,train
deadlifting,m9OkhAhFUFo,6,16,train
deadlifting,ECIpOCYkZVk,45,55,train
deadlifting,v5RyHYVLwJw,9,19,train
deadlifting,G5mzDWjS1cM,0,10,train
deadlifting,PLSz_XAsz8I,20,30,train
deadlifting,3mrwUk6K8kE,36,46,train
deadlifting,IcgY1aGtNDc,49,59,train
deadlifting,J1Fi2bZENAY,0,10,train
deadlifting,bTm651HOg2Q,5,15,train
deadlifting,lf-eCUb1Ouw,401,411,train
deadlifting,79PlgWth32E,3,13,train
deadlifting,bN70P79ZPwo,250,260,train
deadlifting,AqngXZHi-VM,204,214,train
deadlifting,am7Dz7gargs,7,17,train
deadlifting,d1GIKi1ycrg,0,10,train
deadlifting,ownDIcnxJwE,4,14,train
deadlifting,I-xndD5GzgQ,14,24,train
deadlifting,3W6BtVGviHs,3,13,train
deadlifting,8LHvdxSF9Ek,4,14,train
deadlifting,kGVzBvwpbzA,16,26,train
deadlifting,mgvGILIJzco,14,24,train
deadlifting,HIiXVgtJ2IQ,0,10,train
deadlifting,t56c2IHJd18,31,41,train
deadlifting,COlnAt5Dp3g,18,28,train
deadlifting,pfzqpYMsv_I,1,11,train
deadlifting,5bVgDLKxSgE,23,33,train
deadlifting,oxBppLX_gUw,5,15,train
deadlifting,mljzny5ISA8,9,19,train
deadlifting,6HJ_rP-o8tA,0,10,train
deadlifting,-HXAOzp4Qjs,28,38,train
deadlifting,bN6trtkmBcc,28,38,train
deadlifting,XA1mJFCYK1Q,12,22,train
deadlifting,Q5O1drDp91A,0,10,train
deadlifting,GTpDNm4cyw0,44,54,train
deadlifting,3iCyg8YJpC0,9,19,train
deadlifting,DWnwtzXPJI0,3,13,train
deadlifting,9GNbAP8RBek,0,10,train
deadlifting,hYcTLWEIwjI,7,17,train
deadlifting,FCrUIpqT4b8,79,89,train
deadlifting,5swUfTDc5og,2,12,train
deadlifting,oxhVZ9amwQU,2,12,train
deadlifting,sasQYfzgkoo,22,32,train
deadlifting,y8hqoYjr9u4,19,29,train
deadlifting,j2UXWOb3yhg,10,20,train
deadlifting,aRcOjiITbBY,18,28,train
deadlifting,hYIQ4rMdS9g,4,14,train
deadlifting,NBWoePBUhzA,0,10,train
deadlifting,AqKCqvVNh4o,7,17,train
deadlifting,Z5eA8gJm4GM,15,25,train
deadlifting,3h7y3Uy5ir8,200,210,train
deadlifting,oxu4HK3n0Fs,44,54,train
deadlifting,CNjLZeInU9I,11,21,train
deadlifting,_VehW4Fwmi4,19,29,train
deadlifting,nesyXc1Giew,8,18,train
deadlifting,nhS51trW7I0,1,11,train
deadlifting,fJAH6Dnfpe4,44,54,train
deadlifting,ETDMaCsPPtk,0,10,train
deadlifting,Hu1HBm-UB9Q,25,35,train
deadlifting,d7PNcA-PVFs,3,13,train
deadlifting,56eOpl0nMcs,0,10,train
deadlifting,L83b1aCJ4Yk,5,15,train
deadlifting,8MjlII1ixYA,88,98,train
deadlifting,e8-ya-6rqPw,51,61,train
deadlifting,KtKRthsoLUg,4,14,train
deadlifting,5Sz9BkIQv0Q,20,30,train
deadlifting,PNa62oilebk,143,153,train
deadlifting,IBDLz6UQfLc,10,20,train
deadlifting,BArzbunIKCg,18,28,train
deadlifting,KdBN9s7ccPE,0,10,train
deadlifting,8gfvjvzTMbQ,56,66,train
deadlifting,28M4Qn0fdwY,47,57,train
deadlifting,c6pTSv2Oubo,22,32,train
deadlifting,ecUaJheTj2M,28,38,train
deadlifting,bH51N_m_hpE,9,19,train
deadlifting,vhYdrJYlklQ,38,48,train
deadlifting,ow95mR8jU2I,3,13,train
deadlifting,-r5zge3VO5I,1,11,train
deadlifting,1nAqIb2b7EQ,231,241,train
deadlifting,3n6Shb8GsdA,65,75,train
deadlifting,hYf1mbSDVIY,5,15,train
deadlifting,m470yDOhnVQ,9,19,train
deadlifting,DXo98HMtgEY,30,40,train
deadlifting,QarIA-BakM4,0,10,train
deadlifting,wBj1kxLmnTM,17,27,train
deadlifting,FDfv-IjnEXs,16,26,train
deadlifting,d6nBMJorA7w,79,89,train
deadlifting,d-bv5MwIGBs,9,19,train
deadlifting,zvcyDtfbZgo,2,12,train
deadlifting,NnpX9QeqiKc,5,15,train
deadlifting,COb26pHJwkI,2,12,train
deadlifting,DXuWKZWShVU,2,12,train
deadlifting,p0Dj-h1QGHk,4,14,train
deadlifting,8aqnVDX_nec,32,42,train
deadlifting,aRhsPKOAXKo,7,17,train
deadlifting,35V6Abq30Ds,0,10,train
deadlifting,hYgkrBFGP2A,2,12,train
deadlifting,Hjhj_mPcxoM,31,41,train
deadlifting,Hv5ByLRXpLU,2,12,train
deadlifting,N29wwGJGzsg,17,27,train
deadlifting,AqJt3s6Hquk,109,119,train
deadlifting,IfLkufHzUVU,0,10,train
deadlifting,LpQKWqSzf5k,88,98,train
deadlifting,COfQBqTgT34,39,49,train
deadlifting,w3dFTMQWTFI,11,21,train
deadlifting,l5FGv1bgvYk,13,23,train
deadlifting,f8IT7FOxj7A,4,14,train
deadlifting,47bTdVzFK-8,10,20,train
deadlifting,brTghPqTCQM,4,14,train
deadlifting,M0BoqTyjHZ4,229,239,train
deadlifting,6A3RolOKQso,4,14,train
deadlifting,M-HcrMw609A,18,28,train
deadlifting,-POFas4iSsM,61,71,train
deadlifting,Ha9z_I1TDks,0,10,train
deadlifting,82HJJnV4Nuo,0,10,train
deadlifting,-Qc3fWKTszo,10,20,train
deadlifting,zp7d4JR-iYQ,9,19,train
deadlifting,bBbhgs_Wlos,6,16,train
deadlifting,sGxujaBZWEI,1,11,train
deadlifting,s2uPXyB01ik,27,37,train
deadlifting,4hZlnQPP5aQ,8,18,train
deadlifting,oAjkqIQClTI,66,76,train
deadlifting,Ka_w45f3kpU,13,23,train
deadlifting,DVzXRWO-mqo,13,23,train
deadlifting,7E3Yy5egGW0,10,20,train
deadlifting,523sWrqVeVc,7,17,train
deadlifting,KBymd5t4nGo,5,15,train
deadlifting,9hhr8nfLb_g,587,597,train
deadlifting,h4zz_FJO0Wo,16,26,train
deadlifting,tBWSRt8GX6k,21,31,train
deadlifting,f4iM0NVL7Ts,17,27,train
deadlifting,hgVDDvTG1Es,77,87,train
deadlifting,PLIDIDwXJ1M,2,12,train
deadlifting,6A6dOA90_YQ,4,14,train
deadlifting,6A3W2eoVovo,2,12,train
deadlifting,f7Q6unWYhgE,2,12,train
deadlifting,WacrhSNF0vI,27,37,train
deadlifting,RVj4yJnnDUA,30,40,train
deadlifting,WFP63TZMP_4,0,10,train
deadlifting,Hm1-XgpbK98,0,10,train
deadlifting,b67dhXQSmnA,36,46,train
deadlifting,DW4vMgjhFdU,4,14,train
deadlifting,g9w5S5JJ0Jo,3,13,train
deadlifting,Rs_xE523sX0,24,34,train
deadlifting,IPToHwhidLs,15,25,train
deadlifting,xb3ACXMS6m0,8,18,train
deadlifting,gCiIXzsPPzQ,12,22,train
deadlifting,hYT-pWY1A-g,0,10,train
deadlifting,HnnfFKrmb9w,19,29,train
deadlifting,3h5arRCtWmw,4,14,train
deadlifting,l8qplp0g7C8,5,15,train
deadlifting,KbP82xYX4RU,28,38,train
deadlifting,5S2dFB_90lk,7,17,train
deadlifting,hgMohHik5GI,0,10,train
deadlifting,n7vGxp_EdqA,43,53,train
deadlifting,JIj3aJ8uvrk,0,10,train
deadlifting,KrGzQiUdMXA,17,27,train
deadlifting,aEuAZUFpXv8,2,12,train
deadlifting,brjcdGbSTDc,8,18,train
deadlifting,x0KfHhk5hIY,0,10,train
deadlifting,dc44CzJnl3k,84,94,train
deadlifting,D8WbkcYelp4,0,10,train
deadlifting,m9TyHu53wXs,10,20,train
deadlifting,ZSzrrNVMnUo,7,17,train
deadlifting,bORD1ED0tpU,11,21,train
deadlifting,xbsQQTGJA4k,33,43,train
deadlifting,Apw1wpSkvkk,0,10,train
deadlifting,W-TJTV9LK4s,175,185,train
deadlifting,OcLUkxX8VHU,15,25,train
deadlifting,mB0cnPaVCWk,0,10,train
deadlifting,COStT7vo6ZA,4,14,train
deadlifting,pb22v5_3yNA,15,25,train
deadlifting,7dABaKptClY,34,44,train
deadlifting,cEEncd-Zyt4,3,13,train
deadlifting,14w9S4R-08I,6,16,train
deadlifting,GTsavPJ02Nw,5,15,train
deadlifting,35e3aaAGZlA,2,12,train
deadlifting,9u_CE1OPz7g,34,44,train
deadlifting,Aqc48dFkst8,26,36,train
deadlifting,7dSj7V4ITTU,43,53,train
deadlifting,U6rJig6LJM8,0,10,train
deadlifting,joiEtTHpfd4,46,56,train
deadlifting,j88Va1I2Rk4,580,590,train
deadlifting,WWKsCZ3TmQ0,10,20,train
deadlifting,Hv8OOsAFnqU,49,59,train
deadlifting,rVJqNcYBvrc,3,13,train
deadlifting,Z03rL1iOyyc,14,24,train
deadlifting,I8s79F5cJT0,0,10,train
deadlifting,uEg-YFyGnKQ,11,21,train
deadlifting,aRjb5kRnNfo,1,11,train
deadlifting,ZeB37b9ucjM,2,12,train
deadlifting,THwHCIdsEHc,44,54,train
deadlifting,LWrvBSxCMsw,1,11,train
deadlifting,rfsFxvSgmmA,49,59,train
deadlifting,Zn30ImaRAbM,2,12,train
deadlifting,pAiRCSDEjL8,5,15,train
deadlifting,hYgFXQyef_U,16,26,train
deadlifting,3W1-8hRFlY8,0,10,train
deadlifting,3llEyaxlpTc,62,72,train
deadlifting,c6japVNpnh8,4,14,train
deadlifting,J0ToYGERn-E,27,37,train
deadlifting,hf16kGKdmyY,29,39,train
deadlifting,7gxC3a_VnaI,21,31,train
deadlifting,f8JP_rpS1dE,4,14,train
deadlifting,Nab-ZecNpTY,50,60,train
deadlifting,FDJI7zoi_mU,4,14,train
deadlifting,SeeFCd-NH-U,18,28,train
deadlifting,4hpdtQwMevk,19,29,train
deadlifting,2KC0K6332yM,5,15,train
deadlifting,35b583-PbZw,24,34,train
deadlifting,AAiwh3Ol4-k,12,22,train
deadlifting,78msKPMIMHs,19,29,train
deadlifting,g2XghFAvC8A,0,10,train
deadlifting,i98Oq-Q3nGQ,5,15,train
deadlifting,oe-zz-zYKoc,59,69,train
deadlifting,k9pmg_LZx4w,11,21,train
deadlifting,KbaumJyJxl0,130,140,train
deadlifting,brzNjDfs1gc,0,10,train
deadlifting,0U93BB0lNAg,1,11,train
deadlifting,35klkZCosgo,30,40,train
deadlifting,8dChCdt4-5o,44,54,train
deadlifting,W-vjclcL7N0,1,11,train
deadlifting,br6ekMdM79E,4,14,train
deadlifting,O7BP_Hc0XXQ,10,20,train
deadlifting,Kbo0Il24rvc,30,40,train
deadlifting,P2m2Def98kc,24,34,train
deadlifting,obV3ogFIO8I,24,34,train
deadlifting,SW8CByupnQc,0,10,train
deadlifting,FDa8Sb8xUog,5,15,train
deadlifting,6g0r07v46HM,11,21,train
deadlifting,HhVLS_4gYgk,8,18,train
deadlifting,2JRAb3wepXo,25,35,train
deadlifting,bTTyfbDTllE,160,170,train
deadlifting,6KBedoEPW8k,10,20,train
deadlifting,m-PI5FnCep4,31,41,train
deadlifting,6A7bQCdMbxg,1,11,train
deadlifting,yzJ6CmjSbPQ,7,17,train
deadlifting,NnvLgDWsQbU,113,123,train
deadlifting,KJHQDahsufw,30,40,train
deadlifting,IR-mTsXnBns,0,10,train
deadlifting,LcI4dd9D3wo,0,10,train
deadlifting,f8D_m-7gtq0,5,15,train
deadlifting,XyEO9Y7VAYw,12,22,train
deadlifting,8LPHewbi9j0,4,14,train
deadlifting,6eK12lyDEZc,0,10,train
deadlifting,oei9TkPcRHU,6,16,train
deadlifting,Kbee2SrEf4I,50,60,train
deadlifting,4cgQLwhm9Us,13,23,train
deadlifting,IR1pczDoBL0,43,53,train
deadlifting,AX_FZohpByY,28,38,train
deadlifting,c54m-C072uU,14,24,train
deadlifting,x8IbjZdMitU,0,10,train
deadlifting,mmG9GSS0bpA,18,28,train
deadlifting,3iDHUwcOxwo,2,12,train
deadlifting,kCH9pdGfMBs,6,16,train
deadlifting,gL9aPxnu5wY,110,120,train
deadlifting,KBUHZTjfnBs,21,31,train
deadlifting,7dSDtwZkuD4,112,122,train
deadlifting,oxXxfu1BX9Q,5,15,train
deadlifting,w5JlTxJP9bQ,134,144,train
deadlifting,C9P6KQH1Kew,90,100,train
deadlifting,Hvfs-5IoOVM,22,32,train
deadlifting,AqLNgstDFAA,121,131,train
deadlifting,RtIa6p6Kbq8,6,16,train
deadlifting,DXvJV6XNkrA,4,14,train
deadlifting,9hcPKUUtwZ0,23,33,train
deadlifting,85H_a2W5lGY,2,12,train
deadlifting,52tRN6EWv0E,116,126,train
deadlifting,o5PStkT7-K8,23,33,train
deadlifting,gWYGMDEi2_M,17,27,train
deadlifting,ECJqoseDHJY,2,12,train
deadlifting,cEGpzxeBmdM,2,12,train
deadlifting,JD9J2f4UgCY,52,62,train
deadlifting,j9r-HjDhq28,94,104,train
deadlifting,mwSwgZgHBl0,0,10,train
deadlifting,COXFUhiZgJg,25,35,train
deadlifting,w8se5HOFbro,38,48,train
deadlifting,s5vtzKmo83A,0,10,train
deadlifting,m4WFp-mxuOE,17,27,train
deadlifting,A8oRk2APKQQ,18,28,train
deadlifting,6AkAde1qN84,8,18,train
deadlifting,Kg_mpbCv3Os,7,17,train
deadlifting,DWMNM8x8MFA,4,14,train
deadlifting,KhEsiIGxmMw,62,72,train
deadlifting,DBBfySWQC78,20,30,train
deadlifting,5mrY89JMmmA,47,57,train
deadlifting,-gfiq14hrWs,5,15,train
deadlifting,f4ULtzbUXaM,0,10,train
deadlifting,ox622UIZuO4,0,10,train
deadlifting,9GH7sh6R78g,59,69,train
deadlifting,7IjiCIRn5Pw,96,106,train
deadlifting,c51QGkX6Asg,2,12,train
deadlifting,RkfG-H1Rkds,0,10,train
deadlifting,O8D1fbJWspQ,9,19,train
deadlifting,7-54IOrgAsQ,13,23,train
deadlifting,Uuz73-ygyFM,1,11,train
deadlifting,C3K9ojehBgo,10,20,train
deadlifting,9vBlkYJaUHQ,5,15,train
deadlifting,PbHCPasUA4Y,77,87,train
deadlifting,r2IX7qvq9Y8,48,58,train
deadlifting,Hn3hY_HT3QU,21,31,train
deadlifting,jgtSxz9V_n4,20,30,train
deadlifting,ahWKlglcsIM,32,42,train
deadlifting,M773iY0-YyQ,0,10,train
deadlifting,_oPDJqEoRps,13,23,train
deadlifting,O1a2QLe2tzg,8,18,train
deadlifting,HnBoPrxTX2M,3,13,train
deadlifting,HnYvWPCsDsM,19,29,train
deadlifting,AqWl63fpWYw,85,95,train
deadlifting,PLPM6l1KuJw,35,45,train
deadlifting,v_YYTkuoR20,4,14,train
deadlifting,ICiVe_Fi45g,98,108,train
deadlifting,N-Q3TytvwUY,13,23,train
deadlifting,28F7Mgvxxc0,35,45,train
deadlifting,L1l1Gw2Tqjg,149,159,train
deadlifting,IAtkWLos26Y,11,21,train
deadlifting,6A1NT4Uu3Q8,57,67,train
deadlifting,ZXMbZCSEE5A,9,19,train
deadlifting,144WxQyE9Ow,4,14,train
deadlifting,1mFDEiF2jKI,19,29,train
deadlifting,ii171NUd8rc,157,167,train
deadlifting,sfy9ZZBq1Ic,3,13,train
deadlifting,-gk9vSxgShA,6,16,train
deadlifting,VvzjZ3W4UQ4,63,73,train
deadlifting,HevCFMilaWo,24,34,train
deadlifting,H4tSzcDbXOQ,16,26,train
deadlifting,OaOMsXSyPbs,6,16,train
deadlifting,bTZSZtsEE-8,5,15,train
deadlifting,S8J49L5wYjI,6,16,train
deadlifting,85H7M07QzDw,2,12,train
deadlifting,IAuggzHRKrU,27,37,train
deadlifting,_XvgoY7cupA,6,16,train
deadlifting,WU0F9IWjKGQ,10,20,train
deadlifting,5c_Jyx0i_hw,2,12,train
deadlifting,eBTYOQQeZWA,0,10,train
deadlifting,bOJbKA4adGA,10,20,train
deadlifting,6vXiOy-eoL4,10,20,train
deadlifting,8490K6wsYpo,16,26,train
deadlifting,fdlBOnNnrw4,35,45,train
deadlifting,fzkoUz1-NH4,2,12,train
deadlifting,DWPYKzW0eWc,30,40,train
deadlifting,brGcH3eR0Yg,16,26,train
deadlifting,jFN0OZqGvNg,0,10,train
deadlifting,6AmhtqdwCuI,12,22,train
deadlifting,f9L2tM-7sng,13,23,train
deadlifting,a8SEXU1ozt0,3,13,train
deadlifting,IPe1FnYlW2k,1,11,train
deadlifting,9hOmoQNSz-I,3,13,train
deadlifting,e3xerNWMiY8,6,16,train
deadlifting,0eZurfXm8j4,12,22,train
deadlifting,JCuac5YvV9w,175,185,train
deadlifting,n1x_YjS4YRU,6,16,train
deadlifting,QgrIv8ZAuTM,4,14,train
deadlifting,GSNNqQJZMdw,6,16,train
deadlifting,8LOUYBWPpEs,74,84,train
deadlifting,f8VYtbCxGt4,39,49,train
deadlifting,DW_x4OdOiw4,29,39,train
deadlifting,jFbhIU6rz0I,11,21,train
deadlifting,rfQTWlykNRM,2,12,train
deadlifting,joEjz3ILMIw,2,12,train
deadlifting,lgF2F7Z6OmU,179,189,train
deadlifting,h6gE4iqRXaM,5,15,train
deadlifting,wu1JOumMCY4,19,29,train
deadlifting,DW6pyAECF64,13,23,train
deadlifting,6oXHDYBDwUk,14,24,train
deadlifting,35LVJcbTNCU,0,10,train
deadlifting,ZOSxd_H7AmQ,4,14,train
deadlifting,-N46de8x4EU,17,27,train
deadlifting,I5Zobx9lTVc,0,10,train
deadlifting,AquG9zGOZGc,12,22,train
deadlifting,GqTFFm28rjE,2,12,train
deadlifting,g6bIb-odH3M,5,15,train
deadlifting,DkMEHv_kdSU,18,28,train
deadlifting,Z2hT4DyqF5c,6,16,train
deadlifting,Wp27cv-l9Iw,6,16,train
deadlifting,RVeFeSrZYKw,6,16,train
deadlifting,GzqnlJlScYc,3,13,train
deadlifting,8D9DLc8gNGA,22,32,train
deadlifting,2FaQ4vFAL_4,10,20,train
deadlifting,q4c-SSfzOt8,0,10,train
deadlifting,NnnAkeE7tMU,5,15,train
deadlifting,KbaVxmCQdow,3,13,train
deadlifting,11BcP5ybcyw,14,24,train
deadlifting,E1Uoskj3Txw,2,12,train
deadlifting,jfykVSVKICE,18,28,train
deadlifting,7dHs8bjzpvE,24,34,train
deadlifting,34nv9arPXZo,9,19,train
deadlifting,obkuu2-Vl6w,0,10,train
deadlifting,IvMlXXQco24,33,43,train
deadlifting,Pd0WRooBpa4,18,28,train
deadlifting,ha5VdaoPZEw,9,19,train
deadlifting,m2GBaOO440s,1,11,train
deadlifting,oxZ30yHvZpo,19,29,train
deadlifting,2FbCTkwFyTc,15,25,train
deadlifting,1FJ8pVv0RDE,3,13,train
deadlifting,2azlVRUbX3E,51,61,train
deadlifting,OGLdRRN8_Ys,12,22,train
deadlifting,3DcCyho1ZTo,0,10,train
deadlifting,ij-B3_B9AVE,14,24,train
deadlifting,D5ilfzNsvYY,12,22,train
deadlifting,BFtkbUR__oU,2,12,train
deadlifting,DXRPJzQC0rM,0,10,train
deadlifting,Mh2Ec6uH_oE,9,19,train
deadlifting,4pj4N1youZo,0,10,train
deadlifting,COQ5oENkATg,0,10,train
deadlifting,oxGsPlkZwFc,11,21,train
deadlifting,6AeZfofIdsc,37,47,train
deadlifting,6PFVBWoBWMs,18,28,train
deadlifting,p3u1rwmpSMc,0,10,train
deadlifting,_2zS-wpkIYg,3,13,train
deadlifting,9mDzdzN9RVU,21,31,train
deadlifting,qosuZPI09lc,70,80,train
deadlifting,Ka4IM-ypn8E,16,26,train
deadlifting,nRi3DRLvYtk,30,40,train
deadlifting,8LLrxwo2PxI,31,41,train
deadlifting,1JRtYzWeH4w,8,18,train
deadlifting,5sz5p_i4ePI,4,14,train
deadlifting,hHAWTqHcynQ,57,67,train
deadlifting,DXx988AolII,19,29,train
deadlifting,miyFaqIeinQ,20,30,train
deadlifting,C1FAxJVbpYI,4,14,train
deadlifting,Apt0r_rDqwI,1,11,train
deadlifting,YsDcm04Busk,135,145,train
deadlifting,-QcSkIaJC-s,127,137,train
deadlifting,zvJ1eKkxi38,11,21,train
deadlifting,9GVYpaTSNcs,28,38,train
deadlifting,MA9Wff2qFnM,6,16,train
deadlifting,Q0Qof1rXvss,62,72,train
deadlifting,lAEzcQ3QHXE,44,54,train
deadlifting,e4OoII0h5O0,12,22,train
deadlifting,Hm1AOLcFBAs,54,64,train
deadlifting,HvCB0k1o-Xk,4,14,train
deadlifting,h6T9UPZyL7Y,38,48,train
deadlifting,5JLJVEDe148,15,25,train
deadlifting,VCIXjO12IoA,10,20,train
deadlifting,k5eH1yHJ1Uk,14,24,train
deadlifting,HviRp1Jcl6w,66,76,train
deadlifting,IR6DuXVkXps,22,32,train
deadlifting,Zn8VknyS89E,1,11,train
deadlifting,B03qMMq6AkQ,18,28,train
deadlifting,ccs0WsJ9qEM,5,15,train
deadlifting,NESHhfNBBwI,9,19,train
deadlifting,Ee6JBTXU10M,31,41,train
deadlifting,8iO5iNGxLIQ,2,12,train
deadlifting,rF_n_LA0pTc,60,70,train
deadlifting,bTZAqP37ksE,29,39,train
deadlifting,LXHmi_KbuMY,8,18,train
deadlifting,KxHtl3_6cQg,2,12,train
deadlifting,gC3S-7wx9uw,29,39,train
deadlifting,COcsSWTPpaA,14,24,train
deadlifting,mELaRshOFjs,42,52,train
deadlifting,8a_cG6JXTjs,201,211,train
deadlifting,xGzNkmvIc3U,23,33,train
deadlifting,f8S8HjPx33E,20,30,train
deadlifting,j7DJymdRcDo,27,37,train
deadlifting,N9OqEwNx2X4,1,11,train
deadlifting,1bBSBLB40FU,2,12,train
deadlifting,iHcWli8uNdA,7,17,train
deadlifting,oxsx6DgzKvU,2,12,train
deadlifting,xbVH0pv2Vb0,13,23,train
deadlifting,L6wxT_GTCsk,10,20,train
deadlifting,lb2nZOKWChc,1,11,train
deadlifting,-eP9y4hFogU,22,32,train
deadlifting,FC_d6GBP32w,50,60,train
deadlifting,6r9NZPRDz9M,28,38,train
deadlifting,fzjlHBagJUM,7,17,train
deadlifting,zvRU8Tn5LCM,6,16,train
deadlifting,ucQQGT9sQ8Y,43,53,train
deadlifting,vTtEpdckx8Y,20,30,train
deadlifting,IbB82i2RCXg,12,22,train
deadlifting,LCv8G1el_7s,6,16,train
deadlifting,GIfMMq3Nl6o,2,12,train
deadlifting,AqwioxvgZU4,56,66,train
deadlifting,kARlsdtiz_o,9,19,train
deadlifting,8LLagUnXra8,29,39,train
deadlifting,-C0vqfcUqJY,15,25,train
deadlifting,DXFNYs9T1h0,39,49,train
deadlifting,pHZHTVULlec,0,10,train
deadlifting,68-8Ib-SyOc,3,13,train
deadlifting,JcW-hm1nEK8,1,11,train
deadlifting,G3YqGWHExDI,14,24,train
deadlifting,NnxLaoa-Ti8,9,19,train
deadlifting,cEEJv06rOes,14,24,train
deadlifting,b7p2kOJk1OQ,7,17,train
deadlifting,3Wf-PoZZz-E,40,50,train
deadlifting,br4KutXc7HA,3,13,train
deadlifting,2Di6VpSuArg,3,13,train
deadlifting,j9ojWDalbLA,0,10,train
deadlifting,IPKbUa75Nvw,4,14,train
deadlifting,MGVnhYKinvo,0,10,train
deadlifting,lI-IsgIkf0A,6,16,train
deadlifting,IAtHHCHkUn4,19,29,train
deadlifting,OP3LrlxnT58,8,18,train
deadlifting,34-XA9bvIHo,27,37,train
deadlifting,vKa04Kk-UzU,1,11,train
deadlifting,U-tN3YAz3uQ,24,34,train
deadlifting,l42A_k5uh5w,3,13,train
deadlifting,mluwKDoq7P0,155,165,train
deadlifting,OCukpr1bRuo,21,31,train
deadlifting,OGJfdYn-XsI,13,23,train
deadlifting,6pHa8rAsqJc,73,83,train
deadlifting,EanlOcJAV7g,46,56,train
deadlifting,MA5_z380ivQ,42,52,train
deadlifting,jy8ZT94gZsg,2,12,train
deadlifting,c60ysMmNLfk,3,13,train
deadlifting,w4TdFZeMneE,6,16,train
deadlifting,hYe5rH29zbQ,153,163,train
deadlifting,x8mN-KtcAZs,4,14,train
deadlifting,r3w6gRzfVqw,0,10,train
deadlifting,kB-ChLN6oj0,27,37,train
deadlifting,Huv-kMRL3pk,50,60,train
deadlifting,ZSzh8KcaF9o,15,25,train
deadlifting,P1Sv99wdQkU,5,15,train
deadlifting,E-CTyMY5ZsE,1,11,train
deadlifting,U-jGFq-i0oA,8,18,train
deadlifting,4ckmwMmTGKM,28,38,train
deadlifting,p7LjJ3_ifPc,101,111,train
deadlifting,9vSb28P8u98,150,160,train
deadlifting,9vJPASEIMv4,85,95,train
deadlifting,FCi-XPWPdfo,2,12,train
deadlifting,Q-d-2JKm3s4,0,10,train
deadlifting,fwo7hhbjssg,14,24,train
deadlifting,K8_ZBVZpDXc,12,22,train
deadlifting,3WlS6-AvL7Q,14,24,train
deadlifting,-TJW8b3nwdU,12,22,train
deadlifting,BQF_4YWRNSI,5,15,train
deadlifting,1mGtXtvdmHs,114,124,train
deadlifting,O0devAJzgbE,5,15,train
deadlifting,hghOu39rU40,20,30,train
deadlifting,HCqZv6RWAx8,72,82,train
deadlifting,c0j92fqJjj8,8,18,train
deadlifting,pg8Lcv6t-TE,6,16,train
deadlifting,U2Zab1EJM6M,0,10,train
deadlifting,96zg5zWEFqk,0,10,train
deadlifting,PEbRsh7nAdk,18,28,train
deadlifting,C1BpEqOQLbQ,327,337,train
deadlifting,cAvtpRSqRxM,5,15,train
deadlifting,2b4kDyUisPg,14,24,train
deadlifting,Igv5fGB5_HA,57,67,train
deadlifting,p7bAUFGwp3w,5,15,train
deadlifting,b53VsmrMxDQ,24,34,train
deadlifting,oyFaOEw3SHE,0,10,train
deadlifting,PGnfSkeYDqA,20,30,train
deadlifting,OsvhVCEuXFc,32,42,train
deadlifting,Aqnbh6H-FZs,2,12,train
deadlifting,Kavv0tczifg,31,41,train
deadlifting,oxAinCGC6kA,20,30,train
deadlifting,c6DJRPDeMU4,0,10,train
deadlifting,OggyAs9qzhc,25,35,train
deadlifting,fzZewlnlns8,29,39,train
deadlifting,P3dClgMKTvk,1,11,train
deadlifting,3i-xSJrhsJI,28,38,train
deadlifting,Y9u0QMTkl3U,19,29,train
deadlifting,mmBzDoumHBg,5,15,train
deadlifting,45ieM1XbCkY,9,19,train
deadlifting,p6KK6yHxd4k,39,49,train
deadlifting,079byi6qvFA,14,24,train
deadlifting,f8Qr_Vm0DeI,26,36,train
deadlifting,5JrkreyeS3k,2,12,train
deadlifting,HnCTn2IDusY,13,23,train
deadlifting,IAo2_cVh1js,0,10,train
deadlifting,IQW55ZiRw1I,33,43,train
deadlifting,15GYdXuq_SQ,4,14,train
deadlifting,p8ZdNUt28K4,7,17,train
deadlifting,QreyLjNUV0g,115,125,train
deadlifting,-uqxjBfCzVk,0,10,train
deadlifting,NnlAR_Xymyc,4,14,train
deadlifting,6AkUakVhpbg,4,14,train
deadlifting,XA1_JEc8jDo,20,30,train
deadlifting,5bPGfRWJ6yE,4,14,train
deadlifting,I4ektnzdC58,27,37,train
deadlifting,EUh31NhOvdk,13,23,train
deadlifting,I-jKzTYeBFs,2,12,train
deadlifting,oxkIhqc9lhU,1,11,train
deadlifting,wURz4Z_m2EI,10,20,train
deadlifting,HvWf3_de08o,22,32,train
deadlifting,IQPz303019Q,8,18,train
deadlifting,e7v-WOlSrmA,14,24,train
deadlifting,8B8PhdOoNmo,43,53,train
deadlifting,hX1p54qj9fM,19,29,train
deadlifting,0NJ8xUQQgro,18,28,train
deadlifting,brxWqwOGjak,13,23,train
deadlifting,DXHQF0xi5Uw,0,10,train
deadlifting,eAVaXlGPZD4,0,10,train
deadlifting,KbHme_i8NSU,13,23,train
deadlifting,oxcSyOnFRR0,6,16,train
deadlifting,XizllQL2kmE,0,10,train
deadlifting,f8AhC-LGp5w,6,16,train
deadlifting,HutVDQoa-yU,2,12,train
deadlifting,8LGhxo7bDOs,0,10,train
deadlifting,f8uMcHQZU28,24,34,train
deadlifting,DXZS78aehMM,0,10,train
deadlifting,b09CUEBg6BI,0,10,train
deadlifting,f9MX55BsAEY,0,10,train
deadlifting,PAWoISb73yc,5,15,train
deadlifting,7p61nF0yf50,13,23,train
deadlifting,eFFLtRc1m-M,32,42,train
deadlifting,b1dqNOnBIEQ,4,14,train
deadlifting,hfu_liMQZ2Y,3,13,train
deadlifting,oxSqRFExi8M,171,181,train
deadlifting,F6xPIZC6lhM,55,65,train
deadlifting,C2anuGAfIPg,63,73,train
deadlifting,NnuWWIGVql0,25,35,train
deadlifting,f8dp7wR4GWg,3,13,train
deadlifting,bTfaCGwyZNQ,157,167,train
deadlifting,oF2G6kG4bDY,22,32,train
deadlifting,_SSLnKYksTY,28,38,train
deadlifting,MdGZlJfiXQY,12,22,train
deadlifting,5bB7ix6me5o,69,79,train
deadlifting,gecqSukeSGs,0,10,train
deadlifting,dAAXfFDRqFY,53,63,train
deadlifting,OsrDEc6Dk0E,2,12,train
deadlifting,52wTNeFsjlw,3,13,train
deadlifting,oxF5Ac-XkM0,10,20,train
deadlifting,5bWUOq7v_w4,2,12,train
deadlifting,8azFk5QUhWE,212,222,train
deadlifting,9WxHPcHXEQc,48,58,train
deadlifting,p1GWWuljlvk,44,54,train
deadlifting,18ueNDvCpF0,1,11,train
deadlifting,l6gDwf3xC6s,3,13,train
deadlifting,x1Xpq440u00,45,55,train
deadlifting,v98RzQTiaH0,11,21,train
deadlifting,HngBDSih3UA,3,13,train
deadlifting,6As7JsbDozk,4,14,train
deadlifting,5bYBy-lv2bI,24,34,train
deadlifting,I4wOvLbt1Tc,11,21,train
deadlifting,ml2KNBh1w2o,26,36,train
deadlifting,2FWp2e16Pdk,1,11,train
deadlifting,r1Mzd_xm_Io,16,26,train
deadlifting,-DT5NO2Mjtg,50,60,train
deadlifting,CAjSK4ToNsg,25,35,train
deadlifting,oeeYYTFYUxQ,0,10,train
deadlifting,DWUnYc6Tzoc,1,11,train
deadlifting,-QfjVxmpwIs,4,14,train
deadlifting,36aDZscAfMk,44,54,train
deadlifting,A43iy1LSYt0,20,30,train
deadlifting,p9rrbXNg_Gk,15,25,train
deadlifting,maFL1UEnojM,34,44,train
deadlifting,bql3f7FFsjY,27,37,train
deadlifting,udeufsmp73A,9,19,train
deadlifting,m4N990-cBYM,29,39,train
deadlifting,NdBVThJQUCE,39,49,train
deadlifting,COO7f0VDIiM,14,24,train
deadlifting,fzfFqqkK0Ks,16,26,train
deadlifting,2v55bDzUxeQ,46,56,train
deadlifting,e3cg4DmaaPo,49,59,train
deadlifting,Kg-T1HV0Mw4,18,28,train
deadlifting,IBHnIgd8FUk,3,13,train
deadlifting,f6PfnccDmsk,0,10,train
deadlifting,Ap8WsyaXD_E,0,10,train
deadlifting,POtB_98KtOw,14,24,train
deadlifting,G1tzweFaR2g,15,25,train
deadlifting,EUpEPYw21y0,0,10,train
deadlifting,2PQkl6vwBbY,1,11,train
deadlifting,HFTQ8sNTubw,71,81,train
deadlifting,4GVUME4kJic,42,52,train
deadlifting,m9Pc95ggZWE,29,39,train
deadlifting,IPQaW6vO8c4,65,75,train
deadlifting,85PsLBGZo_8,14,24,train
deadlifting,JQEUQqcmBdE,11,21,train
deadlifting,ETD1pt_t6D0,19,29,train
deadlifting,_VfIXeIsDgs,0,10,train
deadlifting,Z0mJDXpNhYA,0,10,train
deadlifting,bTiLrhX4r4Y,4,14,train
deadlifting,5c1v-pPqlwM,5,15,train
deadlifting,K2D1U65ue1E,24,34,train
deadlifting,LD5M6u8JWkE,6,16,train
deadlifting,Ac6lmbxZLx4,85,95,train
deadlifting,9u_3rj8Tvl8,6,16,train
deadlifting,L0LnzWOq6_k,151,161,train
deadlifting,AqOmgsrwY_o,59,69,train
deadlifting,4L7T0SJCJxI,0,10,train
deadlifting,TuBucAGzRBU,135,145,train
deadlifting,0sSa61TL9mM,10,20,train
deadlifting,COVisA5nW9Y,0,10,train
deadlifting,mF4BWUtK43o,10,20,train
deadlifting,l8TjnCyd57I,49,59,train
deadlifting,35gacmHKDbU,29,39,train
deadlifting,ZDWfwGjxNx8,0,10,train
deadlifting,DWGGjU34NsY,0,10,train
deadlifting,ka_JyaibU6c,0,10,train
deadlifting,Kg4fEX4Srl8,18,28,train
deadlifting,bTefOQVyo70,4,14,train
deadlifting,51NHM3-amLw,0,10,train
deadlifting,XAsmlBuEKQk,4,14,train
deadlifting,Gbon167Mfbw,6,16,train
deadlifting,_er9LE0xssw,0,10,train
deadlifting,DXoBNCn0P-U,7,17,train
deadlifting,0iBL45GNQPk,138,148,train
deadlifting,pERsd9s9W7c,52,62,train
deadlifting,wu7oRgdjo98,0,10,train
deadlifting,66V6NHXiv8Y,11,21,train
deadlifting,l2qmib5JJEg,19,29,train
deadlifting,-Qr58HymVsE,17,27,train
deadlifting,85LiLFN46sc,53,63,train
deadlifting,52rGiIW_5_c,8,18,train
deadlifting,m6Haxex7tv0,16,26,train
deadlifting,S11WEM4Yr9Q,12,22,train
deadlifting,r67n5PFjx60,16,26,train
deadlifting,hChwiU4O4A4,93,103,train
deadlifting,32f6fXGdmb4,6,16,train
deadlifting,bNq0buV_KJI,41,51,train
deadlifting,ES3GlseowG8,6,16,train
deadlifting,Hm1XbFdoUt4,91,101,train
deadlifting,ObHZfSKsQUA,18,28,train
deadlifting,bqz67PSNxj0,1,11,train
deadlifting,M1mm6OnfoDQ,25,35,train
deadlifting,p82md-RVJro,7,17,train
deadlifting,P34Zr342IrM,66,76,train
deadlifting,wD8zSKD4MIA,43,53,train
deadlifting,nGr_Juq10nI,11,21,train
deadlifting,IFjijgs3uSU,17,27,train
deadlifting,6tgR_ZWzE7o,3,13,train
deadlifting,2l0Gokn1Xa8,10,20,train
deadlifting,9vMzcyfB1F8,19,29,train
deadlifting,oJ2u8mxbPmA,10,20,train
deadlifting,X5-HtCU4-U4,10,20,train
deadlifting,NntnYMMTtnE,53,63,train
deadlifting,0h4gpQ7tpz4,35,45,train
deadlifting,giG9xfm6rO4,0,10,train
deadlifting,HIAdR3uEBMQ,9,19,train
deadlifting,KhDoKEHadBI,0,10,train
deadlifting,DXNr8fEy3PE,23,33,train
deadlifting,DWhZm0KYBsk,30,40,train
deadlifting,4lAlf7Kvxn8,34,44,train
deadlifting,L8UlXVfZRp8,5,15,train
deadlifting,hgZKDOMGGtg,131,141,train
deadlifting,CdEdM39nf8M,8,18,train
deadlifting,KDvjcwnZ8G4,0,10,train
deadlifting,hhyJSdnpFbs,16,26,train
deadlifting,op_zoyTtfU4,1,11,train
deadlifting,Ap0b0pGc3CM,4,14,train
deadlifting,-4DYQUMheZ0,12,22,train
deadlifting,fzqLVBCLs8Q,5,15,train
deadlifting,anEl0ddosaM,4,14,train
deadlifting,9KxPfxSVeFE,18,28,train
deadlifting,Wih3jB43GUY,0,10,train
deadlifting,8uDXu9M7svc,99,109,train
deadlifting,b2koveBjTCU,0,10,train
deadlifting,beJOZpXOzi4,9,19,train
deadlifting,O4XB8eJKiUg,6,16,train
deadlifting,IvR8dRfFDSU,69,79,train
deadlifting,6f4P0nCpVj4,27,37,train
deadlifting,p-W-UZ-Exao,8,18,train
deadlifting,v9JHnmJt3i8,29,39,train
deadlifting,Hv7NQ5nR0X0,11,21,train
deadlifting,lH0F2mzXwdU,0,10,train
deadlifting,B7LYAngK7Bo,59,69,train
deadlifting,Nnl5ZxZemas,7,17,train
deadlifting,RC_-GHDIlm8,7,17,train
deadlifting,I1kZanV-FiY,1,11,train
deadlifting,9mF-tLGt910,10,20,train
deadlifting,5sw7zEHtSlk,15,25,train
deadlifting,8mae1gF5cbc,15,25,train
deadlifting,8lU3rjlgak4,44,54,train
deadlifting,IvM0PvFLsZo,10,20,train
deadlifting,GbpK7ks2eQM,11,21,train
deadlifting,hYo9ppkSLrs,9,19,train
deadlifting,Rt72TwXA_jQ,2,12,train
deadlifting,brDqAMT_P_I,7,17,train
deadlifting,3W3iM9x0zLQ,6,16,train
deadlifting,Ne5Ffo3A458,26,36,train
deadlifting,ml_AZ_yUb7s,10,20,train
deadlifting,8eKXQYo8DYE,12,22,train
deadlifting,A-5p_aXtFSE,5,15,train
deadlifting,U3RPZFakTu4,55,65,train
deadlifting,g8923FeqZLU,10,20,train
deadlifting,bgJVNcTBLe0,5,15,train
deadlifting,Z9Kwd1fWzPU,113,123,train
deadlifting,c3PmOj2gJcc,43,53,train
deadlifting,D34wPKCEjIg,53,63,train
deadlifting,7ibRWoR9WlU,24,34,train
deadlifting,F8BjnCjKl5I,17,27,train
deadlifting,n0iCPB9YYmc,1,11,train
deadlifting,hgbEKQclHXA,21,31,train
deadlifting,n6s28Z0tkjY,0,10,train
deadlifting,p31DfzkQykE,15,25,train
deadlifting,pHuOieElVk8,26,36,train
deadlifting,mmXXAib6jB8,43,53,train
deadlifting,qmw2epqYsTM,81,91,train
deadlifting,85VyddGRnvc,102,112,train
deadlifting,mlWfl0BI5ic,4,14,train
deadlifting,ECq5xmlxc6w,41,51,train
deadlifting,3fDvTZzpYNc,18,28,train
deadlifting,rirfQ01sc1Q,29,39,train
deadlifting,Aqbtl8sMbgo,1,11,train
deadlifting,e9KAKGvBMmw,3,13,train
deadlifting,N6LFNLbZh6E,0,10,train
deadlifting,rEvHOsRnmPY,14,24,train
deadlifting,2MmjjN_8_qA,8,18,train
deadlifting,rie4J_cv7Lo,0,10,train
deadlifting,-Qcge8OnRgQ,26,36,train
deadlifting,tAo-y8szNxw,2,12,train
deadlifting,8kkcXeAxGOA,4,14,train
deadlifting,K4WTpmTJukc,11,21,train
deadlifting,t5ertH4pd14,3,13,train
deadlifting,IA7s7292Bt8,2,12,train
deadlifting,Mdw490W-bVg,0,10,train
deadlifting,6PHIH5ZT-Mg,26,36,train
deadlifting,2NA3StGW0sQ,0,10,train
deadlifting,KCCc7urN_7I,45,55,train
deadlifting,LXKy7pDSX34,23,33,train
deadlifting,o9PlT_cIRtc,0,10,train
deadlifting,9JS-EXwavhA,30,40,train
deadlifting,XiqpWtBRP3U,22,32,train
deadlifting,aDWtVvIaJb0,3,13,train
deadlifting,Iap2bSeJUHU,1,11,train
deadlifting,S70r9tfQF4w,2,12,train
deadlifting,kaV1_mdTlRI,8,18,train
deadlifting,am3XVuee1UQ,40,50,train
deadlifting,j84n6n3EAiE,35,45,train
deadlifting,KhCObKRejFg,0,10,train
deadlifting,joDUaf3VolU,10,20,train
deadlifting,67sn3glhals,160,170,train
deadlifting,oxC6QFzV_jQ,8,18,train
deadlifting,FC2h8-qKD4s,97,107,train
deadlifting,2wBoz4smV9s,4,14,train
deadlifting,SAJH-GEklE0,40,50,train
deadlifting,-mRSs4eHf9s,76,86,train
deadlifting,AqLaLk-JzPU,1,11,train
deadlifting,35di0llEF6A,21,31,train
deadlifting,AqCjNAK4yTk,3,13,train
deadlifting,Qga3_4vBZnE,0,10,train
deadlifting,6eCU1LOTyCw,24,34,train
deadlifting,c69aamxLTAo,31,41,train
deadlifting,KbSQzfWsCuI,9,19,train
deadlifting,IPtifvYvDDg,4,14,train
deadlifting,IPhFN1Edbps,4,14,train
deadlifting,LFFBdALAHa0,6,16,train
deadlifting,0JYCvtNKWc8,41,51,train
deadlifting,EUsslWZAv3c,52,62,train
deadlifting,IR_YFc17dec,143,153,train
deadlifting,IA2wuDdt_xk,1,11,train
deadlifting,DXb2sRNDi6c,13,23,train
deadlifting,UiN3YCFQigE,23,33,train
deadlifting,UGHzoO7YQ3E,10,20,train
deadlifting,94M1yU1CE40,2,12,train
deadlifting,M1qA9XWyX-A,47,57,train
deadlifting,LbizPI2B_-s,14,24,train
deadlifting,DkMOK0cw4aU,39,49,train
deadlifting,iJZBI2T3PQg,118,128,train
deadlifting,UddvVEvdbA0,3,13,train
deadlifting,9GVSONPXofM,101,111,train
deadlifting,c7qYBtEjjNU,29,39,train
deadlifting,ODjeyliKrzA,41,51,train
deadlifting,Q6mDsf8jNOY,4,14,train
deadlifting,-QeRVKnI21U,20,30,train
deadlifting,_UJftLyHeVw,3,13,train
deadlifting,HvaDZYYcjUc,1,11,train
deadlifting,u-WOFHqL0GE,0,10,train
deadlifting,d4ZeDGlQP0Y,2,12,train
deadlifting,oyN6ldlYUD8,32,42,train
deadlifting,cdL4N7hEUvY,40,50,train
deadlifting,AqmzEUJB4ZM,9,19,train
deadlifting,L4imM4g2PT8,12,22,train
deadlifting,e9Qa6-Vnp8k,18,28,train
deadlifting,g2YrJO2ce1k,28,38,train
deadlifting,mmb2uHVdYWE,112,122,train
deadlifting,bONi2cIlCP4,0,10,train
deadlifting,jEe8WsbFDXg,0,10,train
deadlifting,fr3UU_Fv-6Y,2,12,train
deadlifting,-Lbm0cnNcI4,42,52,train
deadlifting,oxDsP4W0GKk,4,14,train
deadlifting,zfcdVTaeN2o,2,12,train
deadlifting,I5GUgngsxpg,11,21,train
deadlifting,Kar2sUJgUmU,1,11,train
deadlifting,kCgqpk5b6Xs,13,23,train
deadlifting,E3jjmsfGSBw,0,10,train
deadlifting,HuusMkIu4DY,2,12,train
deadlifting,5Jf_z8s8ctU,12,22,train
deadlifting,U-RmKA5vzDw,47,57,train
deadlifting,lGt7Hra0NT4,16,26,train
deadlifting,1e0NN7QQlL0,9,19,train
deadlifting,P-iWX79JzEY,0,10,train
deadlifting,VTZLwUxmhzM,3,13,train
deadlifting,-QmoVoo4E78,41,51,train
deadlifting,lcbXqQu0UIA,33,43,train
deadlifting,gbRMtkaga1w,54,64,train
deadlifting,Hm44KCNi9qI,1,11,train
deadlifting,RJELCv1NcN4,311,321,train
deadlifting,BQKDZnGrhv0,15,25,train
deadlifting,KtLjGz_kw2Y,74,84,train
deadlifting,mlb2ZILkQ2s,9,19,train
deadlifting,Wh7x0KeS174,0,10,train
deadlifting,DW5PYwJmwlY,117,127,train
deadlifting,8LHap9V0kxs,2,12,train
deadlifting,bTXgQ1m-ErI,5,15,train
deadlifting,p9dBI8TCvw8,52,62,train
deadlifting,6eDLY2h66HY,1,11,train
deadlifting,FC9YXiOGSs0,12,22,train
deadlifting,RfXTRnm7QkU,2,12,train
deadlifting,mB2hoBg-830,0,10,train
deadlifting,bOTEvGTVvXQ,0,10,train
deadlifting,ApvTDiI0PQs,123,133,train
deadlifting,kWTJsk1SAN4,4,14,train
deadlifting,Gt4xALx69Sw,26,36,train
deadlifting,hYVLruYGGkY,40,50,train
deadlifting,f8nKWEMqTMM,181,191,train
deadlifting,sDulHtz6mSI,132,142,train
deadlifting,_V1OUXkVDn8,51,61,train
deadlifting,amuOFghXFfw,207,217,train
deadlifting,PBAkwFouGkI,100,110,train
deadlifting,ZpgET2FSnzQ,20,30,train
deadlifting,EHA8nFrn3mU,94,104,train
deadlifting,IiGk8g3e41w,60,70,train
deadlifting,wvE8lfRofC4,7,17,train
deadlifting,j7aN_4qy5LA,463,473,train
deadlifting,RR9cB7ByMUw,30,40,train
deadlifting,f8CzzQ0YDdc,17,27,train
deadlifting,k0BxF5LIUo0,22,32,train
deadlifting,LbDd7JQAG7E,89,99,train
deadlifting,ODP-PfJzTsI,319,329,train
deadlifting,xCGjxZdVnKk,66,76,train
deadlifting,IAv18WkHqk8,161,171,train
deadlifting,bToCzFXZr2Y,6,16,train
deadlifting,AqLfeamZ8_A,10,20,train
squat,2gy0I3ND5Jc,24,34,train
squat,QpV1gJZmgDE,16,26,train
squat,QCAtQwaXq2Q,43,53,train
squat,uTsP-4YDpmM,6,16,train
squat,OuxCVWRLu_k,25,35,train
squat,FVFt7wVErdY,86,96,train
squat,yAljR_-oC7s,52,62,train
squat,ir7873bdoAk,1,11,train
squat,rFFGIBkUZ0g,21,31,train
squat,sgkvt9khnKo,11,21,train
squat,RFzLTXjVpKQ,9,19,train
squat,8VF7Q3mA5dc,10,20,train
squat,8YzyZZttfbY,18,28,train
squat,67_z9CMbwFc,15,25,train
squat,2l80xENnFBo,15,25,train
squat,wPC4H3wX5ew,0,10,train
squat,mESS6DKbbj8,6,16,train
squat,XJx7CFc4V2w,414,424,train
squat,Uj3XhiPw_68,1,11,train
squat,3UrUhMuWwfY,32,42,train
squat,T_aty5ASCoU,183,193,train
squat,BqFrLMmW8wg,4,14,train
squat,vs5ICwX8CWI,0,10,train
squat,xokENDvr9Ms,3,13,train
squat,EaAmoKqEV2I,14,24,train
squat,wPD2IXjipjo,10,20,train
squat,TlOpF-Nu5WA,3,13,train
squat,b-ancVGRuPw,17,27,train
squat,Jjvcs49GNwM,35,45,train
squat,kejkRY6p5q8,34,44,train
squat,ZeQj5tc30bM,3,13,train
squat,u59MvhcT1XM,10,20,train
squat,d0xd_ddiDIE,7,17,train
squat,vbVISHhrFtc,15,25,train
squat,iE1OuuZHv74,20,30,train
squat,-RZi4AW5c6Y,24,34,train
squat,9OUsH-l2MW8,10,20,train
squat,JkIZlm1KZng,2,12,train
squat,cw1cMIRjtEg,4,14,train
squat,rfvrLP9Xxro,36,46,train
squat,ercLsrQEs7c,3,13,train
squat,BscLFfMsNmA,9,19,train
squat,s20Fg6lwzO4,18,28,train
squat,UjsN7Q-8hZg,33,43,train
squat,C3bEqMTbsME,0,10,train
squat,X5t6zXSj38U,7,17,train
squat,kxUMULU-NnA,13,23,train
squat,H22UlgvdK6g,0,10,train
squat,u0ZYImQdlQs,146,156,train
squat,kDRo_Em7A-U,12,22,train
squat,wYylkUtn1iI,31,41,train
squat,MM5m3oPeMcI,29,39,train
squat,xrD4txbnQ2o,38,48,train
squat,WHmpANTJjGo,13,23,train
squat,A0A0vzBk2NQ,0,10,train
squat,aeHVRbTYa8o,24,34,train
squat,QQPv17nfR_E,3,13,train
squat,eLVvliiAym4,77,87,train
squat,fCdJcD6LxF4,13,23,train
squat,BPaHwows_Qo,21,31,train
squat,qpWNOCVHq5o,4,14,train
squat,OthVTt3jiqw,6,16,train
squat,wcJMyunHCVk,9,19,train
squat,8NhfJgjYNv0,7,17,train
squat,7alkhzuoqgk,4,14,train
squat,WGmeZPkyRJ0,202,212,train
squat,L1MR-vpeR6M,1,11,train
squat,0cAyBAWc8lI,2,12,train
squat,vODssZv1WKQ,10,20,train
squat,VWSsRUNjyM0,3,13,train
squat,QFiQ_5b87WQ,1,11,train
squat,nnahX8k1sYc,25,35,train
squat,E-QTK-eGy4U,10,20,train
squat,yHZEy92mKQQ,12,22,train
squat,sglA6O0paLo,5,15,train
squat,yv2kUJpGuNU,54,64,train
squat,Q5Wlb0vuVuc,66,76,train
squat,8TJ4451kyzI,49,59,train
squat,k4HG5ozPb4M,12,22,train
squat,nrnfdOBkcIk,4,14,train
squat,syLS5UqF9ZY,11,21,train
squat,l5K4MjEMQGA,204,214,train
squat,zgW4OYyYeaY,29,39,train
squat,CD2VzYMOMvk,31,41,train
squat,a2E39sIK8K8,30,40,train
squat,rRUaSaoVlBc,7,17,train
squat,F8uBQNjyzrE,2,12,train
squat,mAbnkqDC-68,4,14,train
squat,QsIfKMTZ-C0,12,22,train
squat,xRdWgVIMyZs,3,13,train
squat,bzAu_Ne2PRM,4,14,train
squat,X9bnk7qU2I4,3,13,train
squat,H8CIQT2FjIY,16,26,train
squat,rrfCmMLjKZQ,0,10,train
squat,Jw9MUoFY2u4,38,48,train
squat,aZvO8vJxGo0,16,26,train
squat,0fdlHxqKBOU,53,63,train
squat,IMANbixS5C8,22,32,train
squat,_midPzsRYFA,4,14,train
squat,9JW8dFCNkLc,2,12,train
squat,XR6RxXycCQ8,9,19,train
squat,1UDv-kWIpbk,18,28,train
squat,wAhrxNZDVuM,2,12,train
squat,7yX1F9f4slU,1,11,train
squat,faMWP_jkfY8,22,32,train
squat,g3XhRIcuiHo,40,50,train
squat,WBP7667WjvU,169,179,train
squat,Y-bM1vWUJwc,4,14,train
squat,FIt5nw4H3Rc,9,19,train
squat,VYPapFTtuQk,10,20,train
squat,9pm4CJ_i37g,9,19,train
squat,KSv76wcBtGA,6,16,train
squat,mzMnP8zCNMo,29,39,train
squat,d0xufrK5Xx8,4,14,train
squat,E6fAgft03fU,22,32,train
squat,FIsp9nhkHSg,3,13,train
squat,8OahutYFjiE,9,19,train
squat,Lur6TBnMmek,13,23,train
squat,F8ueJtYPIgE,46,56,train
squat,RZeyOYnIjfM,24,34,train
squat,a1gq_pS7OYc,50,60,train
squat,XTvtCFE4LpA,73,83,train
squat,41cGS3WbMHI,16,26,train
squat,N5hG_X9juu0,3,13,train
squat,H3rDeT9IWsc,77,87,train
squat,0rkFgrmFan8,14,24,train
squat,IvC0x-5fFeg,106,116,train
squat,0GJFCtC2GrI,4,14,train
squat,z7P0dDzuNXg,5,15,train
squat,dsb6bCpn8Cw,9,19,train
squat,cfBtVPEwqIo,5,15,train
squat,9sFc32Ddjes,16,26,train
squat,DZkyr5jQgdk,1,11,train
squat,KcEYn-61zEo,15,25,train
squat,kJs6lmgZUG8,25,35,train
squat,m6A2bqPI1yo,5,15,train
squat,sw7V8nTj3Ro,20,30,train
squat,x01YIW5CdCU,129,139,train
squat,FOSrRnYxKX4,10,20,train
squat,oVwLCqM1_AU,19,29,train
squat,JkHtHoQGFSc,25,35,train
squat,UMZXCWNzQy0,14,24,train
squat,-5FkRTrnSfE,14,24,train
squat,60CjNbsM2Jk,1,11,train
squat,-u3Ri_EWqf0,63,73,train
squat,ShKak_w_w7Y,27,37,train
squat,67_-1ZFJFag,17,27,train
squat,wAiDF5UlcPA,29,39,train
squat,PUsv9bozPzA,15,25,train
squat,X5t9KrJPHaE,0,10,train
squat,-FcDTJzptes,0,10,train
squat,HWo5a0ENf-g,4,14,train
squat,lM1_qI4cfok,30,40,train
squat,faMMrgWjxVE,13,23,train
squat,1MOQ7MS0zgk,66,76,train
squat,MWgbkHQGf8E,4,14,train
squat,FdIa9UUVwk0,12,22,train
squat,40G_yVdDq0Q,282,292,train
squat,mm6OMeZhYeI,2,12,train
squat,Vrw4P-aZ7K0,21,31,train
squat,Vmr4i4KRVI8,4,14,train
squat,eI7v4iUmuDE,0,10,train
squat,c12-0uYhsNs,8,18,train
squat,kEwPF0PFYQk,103,113,train
squat,SxUdicqJB10,4,14,train
squat,YPwt8XM1ixY,0,10,train
squat,O1eNb7U05Es,43,53,train
squat,0shXloE0Tkw,14,24,train
squat,R-ZXfxuHVeM,46,56,train
squat,TxBVlmyn4dg,15,25,train
squat,_yaFebLyxhI,24,34,train
squat,YduZXXUitFE,65,75,train
squat,T27m07NEb20,190,200,train
squat,_1vuvGhRw0I,1,11,train
squat,XR55ccOhiqQ,5,15,train
squat,DANpSOYfehc,0,10,train
squat,Y4H3meLyh4Y,4,14,train
squat,i4qEldpKczw,10,20,train
squat,36f6L1ZEIsU,0,10,train
squat,M5Ce9YbVcHI,5,15,train
squat,NIW_tCP8ZzU,50,60,train
squat,B2QHxWp0RWQ,10,20,train
squat,ObNG8eo7dRY,229,239,train
squat,cBhrcI5_rkE,21,31,train
squat,E41DpvJ1s6s,51,61,train
squat,xevhY9qIsy4,112,122,train
squat,Wu3MSbqdrbU,95,105,train
squat,XaiOlUAfiVw,2,12,train
squat,ym2wu8Wny8o,11,21,train
squat,HIUBrRU2dLY,2,12,train
squat,DSdox52D3XY,4,14,train
squat,EabARxVnmpo,82,92,train
squat,wOTNBLEvy0g,0,10,train
squat,CTxKOyb16gk,2,12,train
squat,fjEhN2mAg74,10,20,train
squat,CzW5vk4DtNg,59,69,train
squat,DZk-R2JDo6A,59,69,train
squat,dQCe4a2ztEg,16,26,train
squat,pLQN2xQTJGI,25,35,train
squat,rWeiCILv7sw,16,26,train
squat,SrTxC8mQhAk,3,13,train
squat,Ce1R7ByCbFM,22,32,train
squat,NqMAx6j6Kv0,13,23,train
squat,VtSgGrlDz1E,6,16,train
squat,dpEJdliBZK0,6,16,train
squat,zdr7OHV56eA,39,49,train
squat,wMYzaElGKgk,4,14,train
squat,TR09dIcIJxQ,6,16,train
squat,ENkU87uTdfU,25,35,train
squat,yd_qjGENFW8,1,11,train
squat,wOTnFJJEJPE,17,27,train
squat,uW6GvJfsatw,46,56,train
squat,CZgPa5khKWU,213,223,train
squat,Qjqlgt7XUhY,32,42,train
squat,dMAbO5VovGs,78,88,train
squat,YzHaynEPnts,0,10,train
squat,p1T0-IT1wXQ,26,36,train
squat,Zw-WEYRqpYE,15,25,train
squat,xhmJhY5NrzI,15,25,train
squat,dN6qZgM-1iU,8,18,train
squat,-RaSdJaGdYA,87,97,train
squat,W0yMzdg7iko,32,42,train
squat,wwfMor0NVOM,11,21,train
squat,HwfsAqEvFzE,364,374,train
squat,3iUj5rHybUM,27,37,train
squat,MtCmspiA6Pc,0,10,train
squat,swv5OaH3-rc,14,24,train
squat,oG6j9kQ9iss,6,16,train
squat,PPPZRNKPqVs,5,15,train
squat,56u5kFyNV_I,0,10,train
squat,SQmFKtgzj74,132,142,train
squat,U0fqMefiW2M,23,33,train
squat,hJEI2aaLCPA,25,35,train
squat,mMsG9-5zLc0,4,14,train
squat,B86YWAKjTwk,28,38,train
squat,qHK09R9fcho,6,16,train
squat,LqweEv2jxlk,1,11,train
squat,Md90uzuu7sw,126,136,train
squat,QFg3TuKvXvw,4,14,train
squat,wrYJMUzIt6Y,2,12,train
squat,TOjjs2kkxKg,4,14,train
squat,cISeUFzAzjg,24,34,train
squat,zo07t9L6m9Q,3,13,train
squat,MC7XmTkXAWk,17,27,train
squat,1HmMlqexEM8,39,49,train
squat,1ikPxl8Kiqc,13,23,train
squat,r6AQXB0Lje4,28,38,train
squat,0KRaD_oIdGs,2,12,train
squat,H8CPEfjjbaY,11,21,train
squat,UDi-p--lbBg,4,14,train
squat,QwuRlCRCmRk,14,24,train
squat,5Fjea5tUz90,20,30,train
squat,i-HQaIjVsBs,5,15,train
squat,ASop_Xc8SaA,204,214,train
squat,QiXXPE45efk,11,21,train
squat,k79oN88Q8EI,10,20,train
squat,AfWJoamTCL0,24,34,train
squat,W5Az6-Ggphk,4,14,train
squat,e1jykv-gyDU,55,65,train
squat,jMNkragWK6U,122,132,train
squat,QW8MwuS6oWg,15,25,train
squat,Q81Cqf2fgXE,65,75,train
squat,Nr3odkGdx0U,1,11,train
squat,_wBEM57aAxU,259,269,train
squat,Bk0h_BbuHus,0,10,train
squat,zL4OMUBsCpU,6,16,train
squat,PzqqGFs7y20,34,44,train
squat,SHrazGxJJO4,41,51,train
squat,XJybimd7PzA,279,289,train
squat,hyqI0cT5BFA,8,18,train
squat,t3JeDQB3Vi4,5,15,train
squat,DlWYABZpTSI,17,27,train
squat,24m_llrXQ6Q,1,11,train
squat,WNW4qKlqL2g,2,12,train
squat,9HH4KxpXblQ,3,13,train
squat,OPjTgcN-FQM,148,158,train
squat,6wnjVTht5WY,1,11,train
squat,KEhh3YQqNWg,12,22,train
squat,mAcd_yhYZOs,1,11,train
squat,fOBzdiCYGx0,7,17,train
squat,XB3irjMyoMw,16,26,train
squat,yfcwN0-taDI,10,20,train
squat,_SYRPbotneA,32,42,train
squat,d0n9pmKIU5Q,37,47,train
squat,AlvUYZ-coUc,17,27,train
squat,AQK4b5T_CrI,43,53,train
squat,e_AELN3mVw0,8,18,train
squat,Jwt3AuLwX0o,3,13,train
squat,DPOXXdj0ydw,2,12,train
squat,t-C67A-4EpQ,34,44,train
squat,b7-h1iyxTEs,101,111,train
squat,aH7CsxXDj5w,6,16,train
squat,OhCe7V2vUrs,15,25,train
squat,070Luq2Vqo0,17,27,train
squat,4iD7ez9PS9o,8,18,train
squat,xo5CWiM1r28,4,14,train
squat,Y35rcMq9F2E,0,10,train
squat,AelLoY8rCt4,2,12,train
squat,c_SKkLcdRqY,3,13,train
squat,i1pcpG4-TxQ,21,31,train
squat,sifR2zQWAR0,31,41,train
squat,8Ij_1UDE50w,32,42,train
squat,zwrOT_4NEnM,21,31,train
squat,qSntQyWPf-g,0,10,train
squat,7SiXTiRNegI,17,27,train
squat,8BQ6qQ03BzU,35,45,train
squat,OgPcay6_aLE,21,31,train
squat,Gqvn2Hi3AW8,5,15,train
squat,3dmQ38VHKP4,2,12,train
squat,VP2tI7FSZ-Q,40,50,train
squat,Xahj2csCGHk,56,66,train
squat,CS8I7p9ZQNo,9,19,train
squat,L5bXaPLl2BI,7,17,train
squat,VV2PddoOZmM,118,128,train
squat,hOkTaFUKJk0,31,41,train
squat,u58o90qKNPo,32,42,train
squat,TaILwuCmQz0,9,19,train
squat,EvYF-x-cRfE,19,29,train
squat,MHPkv2s29M0,46,56,train
squat,dU4Mtm50b0o,22,32,train
squat,IqpEerY0bIU,0,10,train
squat,VeISHS4WacM,50,60,train
squat,WHmb_QoDuIk,14,24,train
squat,TEIObMNVpHo,63,73,train
squat,lWWXPpF-2TI,3,13,train
squat,TZQE42iDz_Y,2,12,train
squat,wpzr-8Iny3E,19,29,train
squat,hqQTjM-r5LE,2,12,train
squat,KkaTxXG3GV0,0,10,train
squat,M5OWayX_H94,41,51,train
squat,By2CEjFTOMc,17,27,train
squat,zgW9kQ5VfMI,43,53,train
squat,TskYvf_xS9c,2,12,train
squat,QjrA-z9D928,18,28,train
squat,eJGNlISET2c,1,11,train
squat,OhFhX8sFCaA,36,46,train
squat,Gk-AeUwPPGg,38,48,train
squat,cgs2wDO8Bvw,3,13,train
squat,8uO_gaIy5d8,25,35,train
squat,s2TuEJ4VSjA,10,20,train
squat,-RZLc-cSdng,16,26,train
squat,n6SHX6tKQmA,49,59,train
squat,kvnEYNCcyC8,45,55,train
squat,jvH_WjLe650,18,28,train
squat,Nr3FcuYJJBI,28,38,train
squat,cgtQY_CxcAc,15,25,train
squat,6SJMB2EoaFM,113,123,train
squat,PyIcr5CgQQs,1,11,train
squat,eJGvVjACc7c,19,29,train
squat,-KJQB9sHOao,22,32,train
squat,gV3dgCS0hWU,9,19,train
squat,N4_Pvltl9rY,12,22,train
squat,WLaGsEOvaLo,236,246,train
squat,HG-tmBJPb7o,3,13,train
squat,Aa940Bcqgks,0,10,train
squat,DqER4nfYN3A,47,57,train
squat,xbpezWsXgNM,3,13,train
squat,sHhIm3LO66E,28,38,train
squat,CuDUuRt6MJk,6,16,train
squat,cNn2AMQWxf0,36,46,train
squat,wr_0qIjSHNU,1,11,train
squat,dptApZvEt5Y,3,13,train
squat,N9oVlhmHhio,30,40,train
squat,t1xoLnMtij8,2,12,train
squat,aYuQldxCoyI,45,55,train
squat,6OuC8Llk3bw,23,33,train
squat,DnmH3gfP2L4,7,17,train
squat,bdOh1iaUVBs,240,250,train
squat,mzP4JbFV5m4,246,256,train
squat,cfpL2L7jYPo,4,14,train
squat,7_BqesVLW6I,26,36,train
squat,GGL3cuZolAQ,14,24,train
squat,RxWaDZd8bp8,4,14,train
squat,dXEQAD9EnYA,1,11,train
squat,8YtnlRVvZAo,31,41,train
squat,6S7FAb6VHuM,9,19,train
squat,eaBXuM4kL5U,40,50,train
squat,NKAJYSohsBE,6,16,train
squat,jIvcpHVBXUM,4,14,train
squat,JCOVxmJR96Q,31,41,train
squat,QUy2Aum6oTM,4,14,train
squat,-LlOyAxoTI8,25,35,train
squat,E3IUD2N5iLk,62,72,train
squat,t3KPtq_9a2M,25,35,train
squat,_SYATJSKUIg,171,181,train
squat,uHJikUj4qSc,6,16,train
squat,I2uXMPxPkKk,1,11,train
squat,hqQEjm7WfVI,65,75,train
squat,QCBpxQjr1GI,2,12,train
squat,Xwocbi-tp2o,7,17,train
squat,WNXYfKoFEE8,3,13,train
squat,qvt1eW72VLQ,32,42,train
squat,PEeIfWyfbmI,31,41,train
squat,EEGr60jP3QQ,13,23,train
squat,4OBvQnHz5R0,83,93,train
squat,PlextmMRH1g,21,31,train
squat,ok9HN44WQ7Q,3,13,train
squat,u58m_umrBus,126,136,train
squat,ZI9EDd4_lB4,32,42,train
squat,sJWcFrJZc4U,0,10,train
squat,oq43V3gJnsE,30,40,train
squat,PDjIhx_leXI,4,14,train
squat,HDjliN5FqIc,4,14,train
squat,AvrNfbZhTtg,299,309,train
squat,kzAwB3wwzKg,1,11,train
squat,Pen3L0lfQaw,15,25,train
squat,SD1W8E3mWjA,16,26,train
squat,p1Tn8IKNWtg,11,21,train
squat,X9bEYqRf7VY,5,15,train
squat,yAmZoNC4w6c,11,21,train
squat,-OVPE4pVoO8,10,20,train
squat,rre1gWuvt9U,23,33,train
squat,EdqI3g_QBA0,6,16,train
squat,8TJb_bu5bZ4,35,45,train
squat,wcP_qZSoSfk,0,10,train
squat,fkB0LQ4Ermw,13,23,train
squat,xPkqDfBEjwA,3,13,train
squat,iGLFoSU1WoE,36,46,train
squat,Q8t0J1oZ3ws,86,96,train
squat,xE0gkquLbgM,7,17,train
squat,PwDJTrLGL94,4,14,train
squat,5VThvwp9sy0,44,54,train
squat,p4tkVczWzxQ,39,49,train
squat,dZeqbotRaBE,2,12,train
squat,BuZLRlH1sVI,12,22,train
squat,41cGmeUhNHQ,10,20,train
squat,go1f1ZWxbk0,32,42,train
squat,NfDlrJRysaA,64,74,train
squat,Gmp1OKmLOnE,6,16,train
squat,kIeTi7wZi8w,11,21,train
squat,WLSZVjzRC5g,11,21,train
squat,E6KW7tPBQTQ,28,38,train
squat,hlENeLGMKGs,16,26,train
squat,AQKhWzZkm9I,5,15,train
squat,sEPbRdgxAZ4,2,12,train
squat,rai3lg135r0,5,15,train
squat,f7rnFxkX_5M,76,86,train
squat,__wQZ6MFuZM,1,11,train
squat,Xwon5FcNHY4,7,17,train
squat,yt92AzS7S_c,8,18,train
squat,hpt7Wnm6wew,23,33,train
squat,aKKB-OA9fmk,4,14,train
squat,xOHM38old18,337,347,train
squat,8zmOQDSp0QI,5,15,train
squat,EOFUJIjvteY,71,81,train
squat,-YRNnILulyI,53,63,train
squat,ENkuG32tunM,27,37,train
squat,-cHfxAxBqo4,0,10,train
squat,2jlk37S8ynY,71,81,train
squat,1tVdeA7tJpk,236,246,train
squat,u3MwPSdor5E,127,137,train
squat,EJUagq3-Dj8,75,85,train
squat,aWdmYMLP6GQ,7,17,train
squat,5unRMP6NqoU,25,35,train
squat,56t4BOkrqm4,6,16,train
squat,Hg24umK6QUU,3,13,train
squat,aChIZ-dqsbU,3,13,train
squat,Up_48p-BMug,6,16,train
squat,qpXAoSV8XVA,6,16,train
squat,wHgNbIjrGz4,36,46,train
squat,XCTh0BazyBY,1,11,train
squat,pZCMekum5lQ,11,21,train
squat,4MKpXcPA0rs,0,10,train
squat,9NX4gDt_-lA,14,24,train
squat,en2ulvjSqUc,82,92,train
squat,wPCjRn_ppJU,1,11,train
squat,rEOktFVFNmY,196,206,train
squat,E2wwxtrHAFA,18,28,train
squat,vs5OMry2wxo,20,30,train
squat,ixRjQ-VLj9s,7,17,train
squat,aezCqegwN9w,14,24,train
squat,j9sUB62Lbts,340,350,train
squat,YduwRC64IQo,68,78,train
squat,P74XgP1P63o,13,23,train
squat,t1yMRnGVAd4,26,36,train
squat,kJtNQRUtNL4,3,13,train
squat,dptQ8n6bHZo,8,18,train
squat,F5-XwylPA0g,410,420,train
squat,erbnvpR9LiY,21,31,train
squat,EZ9XUBc08N4,13,23,train
squat,hWpZefX_OlM,32,42,train
squat,nIA5i9f2yts,15,25,train
squat,_5lTAxcYzo8,3,13,train
squat,Ur4BvaIqj_A,38,48,train
squat,ULOLObzlyxM,23,33,train
squat,QsIP98SekYc,15,25,train
squat,LlfkVA5lLcc,203,213,train
squat,kY9NTTUZpI0,223,233,train
squat,JPmvj3oqqp4,19,29,train
squat,qE8RMWFs08s,137,147,train
squat,Yzy8BzGVhi4,3,13,train
squat,VO3ts38ZCTk,23,33,train
squat,3cwWDW2PvzY,4,14,train
squat,P-U9pILPUO0,3,13,train
squat,nasOWG87QOE,14,24,train
squat,SrTloMeuy0I,15,25,train
squat,C4GOXHVcPDs,63,73,train
squat,EBMTVj2mZSU,0,10,train
squat,f2Glh5EgNME,22,32,train
squat,mHn8JTzHLOQ,7,17,train
squat,0rj8iR_wtmg,1,11,train
squat,4TanrR9F0pw,2,12,train
squat,oq40_T-zdpM,26,36,train
squat,HB8PAvz7fy0,41,51,train
squat,2FD_ykeSgkY,14,24,train
squat,TYuYICQ8HwY,35,45,train
squat,S4a4fBS7MLQ,449,459,train
squat,JfaMPeA-Yn4,4,14,train
squat,922-sjEZ19g,33,43,train
squat,Q3CqPk8_3UA,4,14,train
squat,a2EqcfiHKlA,141,151,train
squat,KEhU9iOcdTA,7,17,train
squat,B1_fRMdW_jw,115,125,train
squat,lY5lpJkI2yk,51,61,train
squat,jvHfURu9UQA,280,290,train
squat,wHg_1wIhybY,31,41,train
squat,E41pD0wYOmY,23,33,train
squat,1S0f3iBwy4o,4,14,train
squat,RACFWFYm_Tw,12,22,train
squat,EZ8YGM-OMrE,18,28,train
squat,7etvH2mf0vk,4,14,train
squat,p3tdicX_nMs,2,12,train
squat,A9nfm7dYr58,30,40,train
squat,070Bwwkaxo8,50,60,train
squat,mU2sRSLJ1Oc,22,32,train
squat,4M023gyftN8,4,14,train
squat,wFWCQC5L6hg,15,25,train
squat,5un4vn9gHEU,8,18,train
squat,D5kilg_fiBU,3,13,train
squat,KeOg7KC4kbw,57,67,train
squat,01QdtRZKXc4,65,75,train
squat,Ml4YTCH6Fhc,93,103,train
squat,r_jvcjy85lY,22,32,train
squat,ZeRFEmlGADA,4,14,train
squat,_STXPBfD6x0,2,12,train
squat,Zlpd_2PF8Pk,267,277,train
squat,5__lyorjsBQ,15,25,train
squat,Y-bh8cKq2_A,92,102,train
squat,IDIh8IMv6lU,52,62,train
squat,j-RP2aqX3p8,1,11,train
squat,LVvxnPXRrbs,115,125,train
squat,gRMgWtOFZhE,21,31,train
squat,qpWxac2Ref4,15,25,train
squat,ci8501voDW0,10,20,train
squat,C358krcIDs0,12,22,train
squat,m3ooSe2Hzxs,14,24,train
squat,pWOukYkp6tc,105,115,train
squat,nIBHcWdqhWw,0,10,train
squat,fvafp7zOn6g,4,14,train
squat,quZ6UwMyjLc,29,39,train
squat,9NXxkh8sApY,6,16,train
squat,VP3aLpRyxSc,19,29,train
squat,alMQkEhX0I8,4,14,train
squat,9NZLlj8ZAIw,12,22,train
squat,pLQH_JLAZfA,196,206,train
squat,3Z5RUDfWamM,37,47,train
squat,KGIaiOgYy-s,1,11,train
squat,mzQQGjWsbS8,24,34,train
squat,Q2mo7EUOqMQ,81,91,train
squat,Yug2V1NNEq4,27,37,train
squat,XaeNr9Ryffk,0,10,train
squat,1_sdGdLDYKg,3,13,train
squat,X5uS2T6MhgA,7,17,train
squat,d9RolJ8kHQg,160,170,train
squat,FGQxzP411bI,0,10,train
squat,evu-1Yp-HYI,10,20,train
squat,B2Qpcabplso,17,27,train
squat,7hjrDILbd90,36,46,train
squat,8RsnZas6VYo,225,235,train
squat,PoBBb1wLN6U,39,49,train
squat,blJraLmAfD0,2,12,train
squat,mWL0NBtv2mU,94,104,train
squat,BIisI6ZtYaI,364,374,train
squat,9YHON3tqSK0,14,24,train
squat,dptYqhUwE3c,12,22,train
squat,AfPkXoJM2sY,4,14,train
squat,xRdcHQt-8Cc,8,18,train
squat,QTeL-uDNlYQ,3,13,train
squat,lE2Z7zvwP_0,17,27,train
squat,UbH0wGrWfIA,2,12,train
squat,R-5SobFJhYQ,91,101,train
squat,QTeQCLk2hns,1,11,train
squat,iLcxWYF4Pm4,0,10,train
squat,qFOK_KzkFh0,3,13,train
squat,veaC3a_D374,1,11,train
squat,hpt1Jld13QE,30,40,train
squat,9NYNNDnHsWo,27,37,train
squat,9OTWckuLbYw,90,100,train
squat,FBXRad37yOw,19,29,train
squat,1vnGNr5Xy2g,5,15,train
squat,J-euLAboI2U,25,35,train
squat,SHq6ItW49m4,44,54,train
squat,RvIx1WWjqR0,73,83,train
squat,E5Lj0x287KU,2,12,train
squat,yF1LM3Xg8wQ,55,65,train
squat,JYzlnMvqnzU,31,41,train
squat,s_KDHrNTkGI,24,34,train
squat,0gtuO--nBy4,8,18,train
squat,8OOXkxN5mC4,0,10,train
squat,RYyh_kfvBJQ,69,79,train
squat,PD0U0AEqTbE,20,30,train
squat,BJvrygl8zPI,26,36,train
squat,xokMxnFcmTo,14,24,train
squat,nvbgNjzJ-KE,10,20,train
squat,0XG3JKbgzsY,79,89,train
squat,yKe59rvOqRI,0,10,train
squat,vbU9g1y3fUA,0,10,train
squat,f6CxlZSWZPU,28,38,train
squat,Arg6JZg4UdA,8,18,train
squat,G8wjQcJ1dE8,29,39,train
squat,mRT9xGflR3c,10,20,train
squat,CFBoch5vgwo,20,30,train
squat,zawXRtyOTuA,0,10,train
squat,291hHKjOGe8,47,57,train
squat,hJEblk-ZhVQ,9,19,train
squat,krtz1b0v490,1,11,train
squat,K1vlJB76ve4,17,27,train
squat,G-2toiggsXA,2,12,train
squat,D6sz67x-wxM,26,36,train
squat,CAZhrENZkRo,21,31,train
squat,Lk47htGB_OA,7,17,train
squat,3aDkBDr3FHg,13,23,train
squat,AZ4r-NkugiA,52,62,train
squat,tx6yXyagiWY,50,60,train
squat,pW3Lpiym0Qg,2,12,train
squat,qipdq5gFdeQ,3,13,train
squat,6SKKhjYzh-o,128,138,train
squat,36iG2cmkAdg,17,27,train
squat,pqV3kyRJ-x4,2,12,train
squat,zL4UqRnzv2o,2,12,train
squat,Wp6YHVj9Urw,24,34,train
squat,UxqPobfjEH8,1,11,train
squat,-FbWAfBA60A,9,19,train
squat,AChHdc1TCpM,4,14,train
squat,W73Eldl5ERM,1,11,train
squat,lWV74JUoaAE,11,21,train
squat,O1-4R4nBuCo,113,123,train
squat,4A_skVcmuxE,42,52,train
squat,sifJAW70MkI,0,10,train
squat,WVbliE2SrFE,2,12,train
squat,mAcEr7QJR9Y,26,36,train
squat,AfeYDp0PRfs,1,11,train
squat,-4FLl7iMGPY,64,74,train
squat,QBgiEWuCtIg,45,55,train
squat,iofiMud9a38,8,18,train
squat,T_Kk8JASc6Q,37,47,train
squat,fyhbe3N2c20,24,34,train
squat,zI3IPVBQvlA,3,13,train
squat,b35FXlISU-o,0,10,train
squat,wTy99jlF5lo,3,13,train
squat,TR1D_6z5AHk,15,25,train
squat,XCTy2EKHml0,4,14,train
squat,AfWQIkRZBYk,26,36,train
squat,t-CBCsWKiqg,19,29,train
squat,YwvEZIVQ5og,12,22,train
squat,cF5GeZu1g9Q,1,11,train
squat,FmbabVKyAV4,34,44,train
squat,lvrEkAVOSAs,1,11,train
squat,paGs1FXctQw,2,12,train
squat,vFMhKDEu0co,12,22,train
squat,A-VLuz8dYiw,2,12,train
squat,8qluma81WbE,15,25,train
squat,1tUWlXqXGHM,3,13,train
squat,MM4oeXm6GLU,18,28,train
squat,CTw5qExoIas,5,15,train
squat,erQj1iWoqVo,135,145,train
squat,mJ_cIMQiAP8,324,334,train
squat,mX0pXnMpAKo,3,13,train
squat,Cm5O-P8I9DI,7,17,train
squat,ghtKkHJr-vo,1,11,train
squat,p4t49B75GAs,2,12,train
squat,vG0gybD89Pw,2,12,train
squat,HG-QJiWFsTs,35,45,train
squat,RvIRR517L0k,37,47,train
squat,AlucHuOJSpc,18,28,train
squat,lm9e8Xmr1-o,4,14,train
squat,xVB-gm0onLA,10,20,train
squat,mk3nbEwRSIA,4,14,train
squat,hpWTTmHnDds,2,12,train
squat,O7Z5LcxI2kE,64,74,train
squat,cNntC0UDmgI,34,44,train
squat,40G3Lww9n00,10,20,train
squat,JG_IQuVKsBE,3,13,train
squat,2qN_X0TpTNs,3,13,train
squat,Vc8cmmLIQ-o,39,49,train
squat,syKlXFIoz1M,23,33,train
squat,CuD5jN8YqdA,2,12,train
squat,OuxYUdNFa70,16,26,train
squat,CGhTw3Llo0Q,0,10,train
squat,E0Y-OaqN6B0,12,22,train
squat,EWT0pCeuYD0,80,90,train
squat,7YxLkbSMcsk,24,34,train
squat,10ZO-uQcr44,8,18,train
squat,AvM19_4Qe5E,67,77,train
squat,eaBUsoB3ARY,4,14,train
squat,rR62QVHbEvw,4,14,train
squat,PbB-L7QN6aQ,11,21,train
squat,Jo6ktrcJCP4,16,26,train
squat,NqMnuXvoOsk,12,22,train
squat,10Y2EcXnuzQ,85,95,train
squat,bS89sQEKPCc,4,14,train
squat,IKbBKxCAmRg,1,11,train
squat,0t7xruUYBE4,173,183,train
squat,9pmzFxlcji4,27,37,train
squat,o3fMSrPbNjc,0,10,train
squat,xvbDRcfR4e4,6,16,train
squat,a2FUd0nWiWg,19,29,train
squat,3UrQPeZHHsk,13,23,train
squat,w21apyIeDHo,25,35,train
squat,3y8o_McqeVQ,11,21,train
squat,6OtKhMqNhyQ,36,46,train
squat,56tZWxMmT5I,42,52,train
squat,E40ukzDmI7c,30,40,train
squat,FlP5y8Nb_ZI,26,36,train
squat,zPn0yFrJ3_Y,339,349,train
squat,lA46pO4G0hQ,81,91,train
squat,XB_Ii19kBnA,4,14,train
squat,VkcA_ehlVeE,1,11,train
squat,Yzb7jd0I19Y,7,17,train
squat,24m7BXNvD5I,0,10,train
squat,qc26jVbVNUw,0,10,train
squat,KGLFyct_4Gk,43,53,train
squat,d_rSp7G4hU4,48,58,train
squat,qc3IpZ8fg-w,43,53,train
squat,9W0_xVQwCbc,26,36,train
squat,bDqvIZIssvs,8,18,train
squat,61oPIzLK5LI,7,17,train
squat,UWiGDKeDpe8,104,114,train
squat,UD-vcFsqvDw,9,19,train
squat,Ga6FmfptNvE,38,48,train
squat,clIrPzrVgBE,56,66,train
squat,By1Cv1fKQ4M,3,13,train
squat,IoL1VnAvVd4,31,41,train
squat,Dg97srio7jk,29,39,train
squat,LZGJjkCVH_I,2,12,train
squat,SjsXfXy41lI,41,51,train
squat,Mnhy1dGhIxY,162,172,train
squat,roXvV70qefA,83,93,train
squat,MuPaTvxY7_8,19,29,train
squat,_mioKvSCdiI,2,12,train
squat,l5KeuGUC6TA,1,11,train
squat,LzCvAHRBIco,13,23,train
squat,pRGF6YwwPcI,3,13,train
squat,MCOhcwiV4f0,15,25,train
squat,G0okcseCIgM,0,10,train
squat,xwFdL0mZ8Kg,1,11,train
squat,ljY2rEwzUbg,23,33,train
squat,akhibo8P8NQ,0,10,train
squat,EKSoddeSKOA,2,12,train
squat,goBwJ4zYnVY,2,12,train
squat,vQ0XzeKVIY0,64,74,train
squat,A9ny0YxpT5Y,50,60,train
squat,62VFZxXLEH4,11,21,train
squat,MrJPD19iHLE,51,61,train
squat,bHWh7ac6L58,92,102,train
squat,V4dL053EN8A,19,29,train
squat,QW7iwB0zYn8,3,13,train
squat,yqqgK1XQsYc,37,47,train
squat,zToqV65LD1o,24,34,train
squat,Jx_LpyMN4FE,187,197,train
squat,HITOn-jXRw8,0,10,train
squat,ar_vpR44oME,19,29,train
squat,MtAu96crrag,69,79,train
squat,d0SF0m8Ge8U,0,10,train
squat,mzL1Vl3f7Sc,4,14,train
squat,d6-OXt5jZEA,68,78,train
squat,g-XhUMB6_wk,4,14,train
squat,FbHWJdXK3NI,29,39,train
squat,M8lDdBv7dcM,33,43,train
squat,zmXrrP3KXnY,29,39,train
squat,i9YKLm6WSMw,0,10,train
squat,VyvQJ68Hezs,0,10,train
squat,7NvVR29Qrug,32,42,train
squat,2gxsQ5kpbXY,6,16,train
squat,wPDNywE_1os,76,86,train
squat,M7nBhGpzPq8,11,21,train
squat,U0fiKQ769Xw,0,10,train
squat,8YzgL9BTpHs,178,188,train
squat,my0E9N5VH3w,393,403,train
squat,6gqwVodJh60,51,61,train
squat,_yZNNh2rTtE,10,20,train
squat,fjOPqbf3xkg,3,13,train
squat,biBLm217VxA,3,13,train
squat,rQVxdr7HVaM,30,40,train
squat,UbHAPvzZIpA,34,44,train
squat,MoSPWvzinko,18,28,train
squat,PwC1sKdjPSM,3,13,train
squat,LU0c3j4krIY,11,21,train
squat,_DS8no9A1d8,14,24,train
squat,ZUq4CTCXVhA,25,35,train
squat,CMsLePtkypk,0,10,train
squat,HaMW-jK8hi0,10,20,train
squat,upVLRwqaG_Y,4,14,train
squat,NCEAhU2ZLbM,13,23,train
squat,pWPYxoLChyc,0,10,train
squat,pwCguMjX_3A,2,12,train
squat,XBwyQtDpYnM,14,24,train
squat,BMwP2HljkYY,3,13,train
squat,535s5bf9VVM,4,14,train
squat,n0lhiuOrPiw,148,158,train
squat,lJD_sTe501w,1,11,train
squat,SQlkqttvpmw,39,49,train
squat,Otg0uhtU13U,4,14,train
squat,PPPjLVWYHNM,18,28,train
squat,baOIwRDSELo,3,13,train
squat,SxDqEqCkR2o,0,10,train
squat,QW7qU55BWjI,169,179,train
squat,aZuCbZmqLdY,49,59,train
squat,zTo7kH8KKAE,10,20,train
squat,Ouxu6Ul7pj4,14,24,train
squat,xSNrBuwvKMU,12,22,train
squat,7dopFf5AOOI,19,29,train
squat,uLGWOtiPUVY,4,14,train
squat,soh5Xqxs0Nk,17,27,train
squat,bAMovt4b_T8,0,10,train
squat,PV9sURwufw4,147,157,train
squat,E65aStUrDL4,8,18,train
squat,6H3DCcS3s94,12,22,train
squat,e46E6JgZSyw,2,12,train
squat,MoSWnhMGACA,14,24,train
squat,GHOALpgA3WQ,3,13,train
squat,X5t_OE0yJeg,3,13,train
squat,LAftyxUqdJE,14,24,train
squat,LfK93_xtsig,9,19,train
squat,KpnjJfdJZP0,6,16,train
squat,LzDPkfZ4LMg,22,32,train
squat,zyOEFzAqAe0,28,38,train
squat,IS2n20mXkSM,17,27,train
squat,4k4XQca5bfo,14,24,train
squat,Nj4E7UB5ncw,215,225,train
squat,B99SsnPTplk,12,22,train
squat,eE1m9iE5J9w,2,12,train
squat,xLxC4VpHAoQ,4,14,train
squat,QWtffTQABKM,119,129,train
squat,Wv1DTzoP-8M,4,14,train
squat,-5FBGZLKJIk,8,18,train
squat,7adGe6Nl8xw,7,17,train
squat,T5r3i5n25VM,1,11,train
squat,_5k70j8twiU,11,21,train
squat,QETKfuz6PpY,41,51,train
squat,SelhlE8tl2U,280,290,train
squat,Ql5NyxnV-n0,22,32,train
squat,Ga6VL803ow4,159,169,train
squat,_CFa7qUmjrk,28,38,train
squat,UDiwExrvz6g,10,20,train
squat,HXUy0W155-Y,5,15,train
squat,OfwYK3l-xoQ,3,13,train
squat,B98yliRb-Mc,22,32,train
squat,wjY4En1RAS0,32,42,train
squat,j-D3ztzIHSc,0,10,train
squat,VWTo0NbntYw,12,22,train
squat,gAxVL3K0vsg,20,30,train
squat,lM1ttV4PIP0,67,77,train
squat,QMGNbeElvkk,1,11,train
squat,ri1vQwflDBw,6,16,train
squat,H3-5MwYrD-I,15,25,train
squat,V8hCWnq5044,6,16,train
squat,lwLlxs4RV5U,29,39,train
squat,hra6RatmD5w,21,31,train
squat,OOlxJ7LqrbU,2,12,train
squat,SEQTkp6GvK4,29,39,train
squat,lSU2HSfpXvE,163,173,train
squat,en3vXg6Q1OQ,9,19,train
squat,Nu6pt8nbpKg,4,14,train
squat,Yza8N155_d8,16,26,train
squat,qeaGSbY-GKo,6,16,train
squat,o2R4TZouG1I,97,107,train
squat,w202HsFm59g,37,47,train
squat,f6CtqMuepRo,41,51,train
squat,xrEvrsm_08Y,21,31,train
squat,W6_qrIPjQUw,78,88,train
squat,_y2m5KxiJ-w,114,124,train
squat,VSCDK3lBmng,43,53,train
squat,_dXS7cNpGnQ,3,13,train
squat,nnawsu2oZT4,15,25,train
squat,m1HKtns-Tcg,16,26,train
squat,dM1DcPC1I8c,427,437,train
squat,_m4TDbpIQPI,7,17,train
squat,czfEwngRHh0,42,52,train
squat,2tLYisuitR0,9,19,train
squat,6yIRpUvvo6s,38,48,train
squat,-c9pjgSfKLE,39,49,train
squat,XW4Nxp_LflQ,29,39,train
squat,4vfGx4fEdZ0,20,30,train
squat,a7tpcfEkC8U,3,13,train
squat,oTYQxAr9dEg,15,25,train
squat,MrI0XwJuIDw,1,11,train
squat,603q1dwfi7w,2,12,train
squat,b0nFjeyerxo,73,83,train
squat,Giy1qtLjMXc,6,16,train
squat,cNog5mDwHkY,544,554,train
squat,jpRaA3yFU4k,33,43,train
squat,1o6fXy-0uUE,116,126,train
squat,e3xST55U4a8,10,20,train
squat,diGvJD79T_I,2325,2335,train
squat,0t7xruUYBE4,173,183,train
squat,0NGOQJ3cBf4,279,289,train
squat,2GJMrfFCUtM,43,53,train
squat,OrJ95sED9ro,686,696,train
squat,cimuqxdooyo,0,10,train
squat,1kUPwJolXt4,26,36,train
squat,DVxG-sFQXzg,67,77,train
squat,wjZco0zKK7E,22,32,train
squat,Xmgm2JD4WwE,91,101,train
squat,8qXd0bd5zwY,20,30,train
squat,rQvNhCvVV3s,208,218,train
squat,EEG38okDLF8,4,14,train
squat,BPa-U_lJFTw,140,150,train
squat,YzadwpZUKUM,83,93,train
squat,0XNoBLQlxTU,504,514,train
squat,dloQVOmLVtE,531,541,train
squat,qipWOJRlJn4,216,226,train
squat,nlOvoCVJw7Y,20,30,train
squat,7V3VqU_prbU,18,28,train
squat,3pvL15tcdpA,97,107,train
